phi,sigma,total_time,max_ac225_yield,time_to_peak
353111691382140.25,1e-24,225.05043547850565,2.63598385385183e+19,225.05043547850565
521429790530054.06,1e-24,351.7103342390883,7.85219715320685e+19,351.7103342390883
15429601005519.729,1e-24,488.0549523020104,3.668482040334227e+18,488.0549523020104
332873639155783.9,1e-24,395.1715095857074,5.935357189001681e+19,395.1715095857074
18039615030067.844,1e-24,230.6891095688279,1.4029579948503373e+18,230.6891095688279
55156417269609.586,1e-24,464.1148445358149,1.227336063211998e+19,464.1148445358149
193968068040676.53,1e-24,413.1531905027067,3.6825255063052644e+19,413.1531905027067
77059892291730.12,1e-24,121.34697367454068,1.964745600916307e+18,121.34697367454068
128578860921046.69,1e-24,41.27045549104591,4.305733519337594e+17,41.27045549104591
452128979158967.5,1e-24,319.5155555698118,5.895706829481052e+19,319.5155555698118
328227889435858.3,1e-24,183.7177243836355,1.7402534760911823e+19,183.7177243836355
873767825544199.2,1e-24,447.62934944787685,1.8512386791586614e+20,447.62934944787685
360385238768477.9,1e-24,105.37296684746411,7.104837211776524e+18,105.37296684746411
85791054790017.22,1e-24,31.4638452357421,1.696266769378479e+17,31.4638452357421
20350682753671.473,1e-24,344.69398708880277,2.975117483713894e+18,344.69398708880277
308691244628076.3,1e-24,484.0797688927629,7.259992382501336e+19,484.0797688927629
44838462907863.53,1e-24,191.52525595708576,2.552829632015539e+18,191.52525595708576
86918379856775.28,1e-24,102.84096595129999,1.6387918503807247e+18,102.84096595129999
18190431896729.695,1e-24,243.09541385070753,1.5414372113029773e+18,243.09541385070753
28432738978688.223,1e-24,338.2088573944301,4.040512295109468e+18,338.2088573944301
74869311220865.33,1e-24,418.01231606834034,1.444856619446685e+19,418.01231606834034
251495491521365.06,1e-24,163.0596542772001,1.0846629438836974e+19,163.0596542772001
461869838886613.44,1e-24,404.3345351734329,8.506096763724815e+19,404.3345351734329
59560283744693.88,1e-24,151.2807709258196,2.2520860176532751e+18,151.2807709258196
231734666890075.2,1e-24,78.47871696856181,2.644356139152322e+18,78.47871696856181
25108247729595.38,1e-24,13.607512177992701,9555998881532176.0,13.607512177992701
374842438956314.0,1e-24,335.77691973009576,5.268691045917523e+19,335.77691973009576
257235413340662.34,1e-24,392.55722520076426,4.543791530793113e+19,392.55722520076426
82762109372834.05,1e-24,288.68318601691794,9.229013342812703e+18,288.68318601691794
19036802148316.656,1e-24,66.11973603262699,1.5726223971535782e+17,66.11973603262699
217173046457045.22,1e-24,240.83714101013493,1.8123895963951757e+19,240.83714101013493
135043042182647.5,1e-24,384.8494401338525,2.318924087807715e+19,384.8494401338525
185967323237618.47,1e-24,281.25390632241795,1.9905339380880237e+19,281.25390632241795
131345234881598.47,1e-24,158.93554805067998,5.416610530632251e+18,158.93554805067998
11524860283967.07,1e-24,223.99152072385755,8.537260149621678e+17,223.99152072385755
26863917535635.016,1e-24,210.1790354250717,1.7896913880236905e+18,210.1790354250717
509103574775763.75,1e-24,124.63034807401696,1.3620838862136138e+19,124.63034807401696
13079931915544.408,1e-24,147.87810709077831,4.750998508446513e+17,147.87810709077831
38653383492561.25,1e-24,334.3390922161786,5.398985706369109e+18,334.3390922161786
130036210449976.44,1e-24,394.1101224621426,2.3100487417330295e+19,394.1101224621426
213121409943905.84,1e-24,209.12956210563456,1.4078847945092964e+19,209.12956210563456
424659426917884.94,1e-24,91.81673075477491,6.494053735752613e+18,91.81673075477491
11102586009934.672,1e-24,54.12345178006446,6.2642740060737064e+16,54.12345178006446
278431714202764.0,1e-24,236.3198428231798,2.25271827329092e+19,236.3198428231798
21015685377232.95,1e-24,255.51193980064812,1.9305434190022725e+18,255.51193980064812
20166206287193.152,1e-24,351.1969837880907,3.0310096894823404e+18,351.1969837880907
78039153723544.27,1e-24,196.7004007872764,4.649082103644095e+18,196.7004007872764
40088903553430.4,1e-24,318.8384706282553,5.211624580497168e+18,318.8384706282553
52920656253467.55,1e-24,52.94846046488949,2.8629992645372723e+17,52.94846046488949
17219153764738.36,1e-24,481.3298556292621,4.020466805778754e+18,481.3298556292621
656389131543003.0,1e-24,352.8564955672673,9.931504720295811e+19,352.8564955672673
34020439741603.215,1e-24,484.8964249003847,8.020311376287968e+18,484.8964249003847
360995516377416.94,1e-24,361.27619268790784,5.655593830528238e+19,361.27619268790784
79199602937898.78,1e-24,143.3983653041279,2.7240679863433953e+18,143.3983653041279
15587695890838.123,1e-24,452.2751743064824,3.3507081008793426e+18,452.2751743064824
81574154229618.88,1e-24,109.15804874966285,1.715601292779427e+18,109.15804874966285
40917891678108.5,1e-24,293.817588781529,4.690240017278852e+18,293.817588781529
22570727936004.23,1e-24,429.740999205264,4.5258074752292127e+18,429.740999205264
328881208534674.44,1e-24,362.536848415959,5.178896864197833e+19,362.536848415959
73145241737988.19,1e-24,317.38133194419714,9.442731864163273e+18,317.38133194419714
147297690598414.22,1e-24,328.4248347618618,2.0027640588466065e+19,328.4248347618618
14753281949461.186,1e-24,213.74562706359873,1.0109573822790911e+18,213.74562706359873
12112348213889.809,1e-24,252.05550142981429,1.0884788258186057e+18,252.05550142981429
45679613923184.66,1e-24,80.81685254436297,5.5074111272782874e+17,80.81685254436297
16099260787116.203,1e-24,297.9458403670789,1.8858689624643978e+18,297.9458403670789
21937439549398.62,1e-24,463.3088580046306,4.870322870468868e+18,463.3088580046306
145252052984769.38,1e-24,179.96620422207016,7.433305922975288e+18,179.96620422207016
151995588409407.53,1e-24,21.173896804551774,1.38370030835693e+17,21.173896804551774
826263230146390.6,1e-24,246.3286841020211,7.1519026589133595e+19,246.3286841020211
367680378853727.44,1e-24,50.537699961994896,1.8190932683152906e+18,50.537699961994896
94040875070797.33,1e-24,250.44642723371524,8.363689679764412e+18,250.44642723371524
751022433690077.1,1e-24,290.1467456642769,8.439117368025625e+19,290.1467456642769
88507240844844.39,1e-24,140.81807491502786,2.947501866668794e+18,140.81807491502786
46040284081499.984,1e-24,265.12947721105354,4.487639323092482e+18,265.12947721105354
75478440884541.11,1e-24,20.58991914136191,6.5035518011673544e+16,20.58991914136191
449349071244950.25,1e-24,449.11877820148567,9.565703416959456e+19,449.11877820148567
19076477207874.43,1e-24,281.4777103341342,2.044572293019398e+18,281.4777103341342
16487373721882.188,1e-24,339.3976455895077,2.355322710227527e+18,339.3976455895077
36514685773345.016,1e-24,333.11709099903186,5.072284423011068e+18,333.11709099903186
284439055964147.56,1e-24,386.6372710396519,4.91645125193329e+19,386.6372710396519
16424111772330.068,1e-24,458.84580411742786,3.599506271665891e+18,458.84580411742786
28868750146182.87,1e-24,28.33215252632809,4.651579369291567e+16,28.33215252632809
128737460761543.95,1e-24,191.751919092595,7.344161466203167e+18,191.751919092595
456645819647973.44,1e-24,406.04322131150786,8.459946263008138e+19,406.04322131150786
43080207419942.21,1e-24,476.92070358417504,9.93778612283217e+18,476.92070358417504
38179978217225.305,1e-24,262.3779933235401,3.6599029655894016e+18,262.3779933235401
32503503929177.016,1e-24,468.66134932399206,7.327030169293997e+18,468.66134932399206
21341042719848.098,1e-24,32.006203502241206,4.362501031348907e+16,32.006203502241206
74164166460951.12,1e-24,496.26402638736016,1.8017600179358296e+19,496.26402638736016
607231835719172.1,1e-24,376.8179295339051,1.0113041081449498e+20,376.8179295339051
604762678353651.5,1e-24,447.78885345195295,1.2821392271657037e+20,447.78885345195295
109072864985396.27,1e-24,164.80523539708858,4.792517433391698e+18,164.80523539708858
349965202657999.9,1e-24,334.21401895220293,4.884764921875027e+19,334.21401895220293
55887599714967.695,1e-24,56.28866735014248,3.398839136396242e+17,56.28866735014248
311586923166386.7,1e-24,138.60565280220368,1.008756210459303e+19,138.60565280220368
747525997312750.9,1e-24,128.07558175278552,2.100595639876564e+19,128.07558175278552
17600129560850.324,1e-24,417.24520934120403,3.387989735192714e+18,417.24520934120403
20256697060067.01,1e-24,97.84147099729215,3.4843984227489235e+17,97.84147099729215
158039476723624.5,1e-24,438.5354000103576,3.2578203066356912e+19,438.5354000103576
24709805756363.215,1e-24,162.05859972104645,1.0543437536096201e+18,162.05859972104645
358764676558710.56,1e-24,486.19494876987403,8.485482456064387e+19,486.19494876987403
100341912050426.42,1e-24,80.50977625011288,1.2011855073715873e+18,80.50977625011288
10662832214911.586,1e-24,122.53145469943908,2.7668383955145984e+17,122.53145469943908
18350353528904.723,1e-24,342.05275007030014,2.6521315654081915e+18,342.05275007030014
17525281770493.791,1e-24,258.1016664941102,1.636253177835511e+18,258.1016664941102
244638537225336.25,1e-24,294.74713851824214,2.8177796032966316e+19,294.74713851824214
25092925853436.2,1e-24,404.02101782930873,4.617378225712625e+18,404.02101782930873
269658589934861.34,1e-24,372.1021619186155,4.410649155950395e+19,372.1021619186155
18285864745654.277,1e-24,70.63936378866886,1.7118022272227808e+17,70.63936378866886
716349730787764.2,1e-24,204.8133149742209,4.568554175662131e+19,204.8133149742209
39985026074702.7,1e-24,249.40618222225132,3.532314368779114e+18,249.40618222225132
211703688868765.0,1e-24,478.25539595301524,4.901001122850924e+19,478.25539595301524
37401795710592.234,1e-24,463.1561303628933,8.299826755070165e+18,463.1561303628933
11212926690611.28,1e-24,282.0470407401441,1.2056076871731046e+18,282.0470407401441
185331919316520.94,1e-24,61.88972783786912,1.350444235209987e+18,61.88972783786912
19084430037069.426,1e-24,215.3660164649889,1.324345674747889e+18,215.3660164649889
855980407586345.8,1e-24,302.0608510848427,1.0238740774544097e+20,302.0608510848427
734592420844980.9,1e-24,404.13684865035566,1.3517328363212384e+20,404.13684865035566
86052442761689.44,1e-24,394.53409013357185,1.5310669003092376e+19,394.53409013357185
10856093321249.957,1e-24,63.48055841521012,8.301358088504605e+16,63.48055841521012
455887022735000.4,1e-24,400.44037327932926,8.282129460918775e+19,400.44037327932926
29193185301288.836,1e-24,270.07709939353623,2.930656346401175e+18,270.07709939353623
162941474261123.75,1e-24,435.19208735024546,3.323934545986556e+19,435.19208735024546
160773443851104.34,1e-24,212.16006894410336,1.0880086022864855e+19,212.16006894410336
56023222583431.16,1e-24,218.68222232301983,3.9879205050924227e+18,218.68222232301983
201308471419686.66,1e-24,435.0704095586392,4.104936350094297e+19,435.0704095586392
80871177050150.34,1e-24,131.44138584616547,2.381197163159962e+18,131.44138584616547
29738888047659.812,1e-24,375.5469973192887,4.930182978737187e+18,375.5469973192887
429672468431212.44,1e-24,61.586259128521235,3.101676633545945e+18,61.586259128521235
13586816623141.072,1e-24,301.2724952406614,1.6191784439308708e+18,301.2724952406614
19604081005701.188,1e-24,414.0854533236072,3.7339848014684324e+18,414.0854533236072
41751237059582.12,1e-24,80.4972471558599,4.996582368478442e+17,80.4972471558599
694929815149220.6,1e-24,91.1105441402863,1.0475674268309266e+19,91.1105441402863
37105660330414.17,1e-24,85.27056364410873,4.945296181754465e+17,85.27056364410873
17020806219363.059,1e-24,20.36252800485562,1.4348994088324104e+16,20.36252800485562
12905974965020.486,1e-24,95.57432075856782,2.125903034962321e+17,95.57432075856782
12786858675917.34,1e-24,299.6604698943759,1.5112414948060887e+18,299.6604698943759
229841820870733.88,1e-24,202.87892384769384,1.4427502592006701e+19,202.87892384769384
43249609830940.73,1e-24,257.21785614089276,4.015762533408152e+18,257.21785614089276
562354124129789.3,1e-24,427.05449714288096,1.1175548087472769e+20,427.05449714288096
12216593522584.469,1e-24,98.9342207022968,2.144899226464098e+17,98.9342207022968
29750189897770.465,1e-24,132.19991215778379,8.850679663636861e+17,132.19991215778379
138824239648548.97,1e-24,213.9685885945642,9.52908473337687e+18,213.9685885945642
12546085412795.484,1e-24,193.07092784519008,7.24147993802623e+17,193.07092784519008
111559330027602.72,1e-24,59.819232422820825,7.619262362467153e+17,59.819232422820825
464426623112669.3,1e-24,35.461314567901084,1.158945028635488e+18,35.461314567901084
707430431713774.9,1e-24,58.565439374139,4.640254095810259e+18,58.565439374139
486575125346468.44,1e-24,452.3000405245324,1.045693211084273e+20,452.3000405245324
910209494088075.9,1e-24,402.9926813340608,1.668046876603803e+20,402.9926813340608
362205534078754.8,1e-24,324.81680523781836,4.8427701958838166e+19,324.81680523781836
361403795418343.94,1e-24,75.93058212244208,3.876179224125154e+18,75.93058212244208
118069050825185.83,1e-24,261.9692063933031,1.128945943955658e+19,261.9692063933031
518972431595070.25,1e-24,236.7716891408228,4.211715654726279e+19,236.7716891408228
58908639420866.15,1e-24,323.38600290618393,7.82475166254985e+18,323.38600290618393
34113527906093.375,1e-24,78.48652136743887,3.893542374327953e+17,78.48652136743887
90313889882383.14,1e-24,214.27579061149365,6.214231687808537e+18,214.27579061149365
29183668336893.902,1e-24,190.08078695641274,1.6402371767731937e+18,190.08078695641274
54048656075338.55,1e-24,170.47282656214728,2.51871599727063e+18,170.47282656214728
57402150030759.914,1e-24,346.01423927341324,8.43944088418068e+18,346.01423927341324
39242164063809.516,1e-24,474.94038409051683,9.002999160921927e+18,474.94038409051683
680293057716433.4,1e-24,245.6461098670385,5.8622178661516e+19,245.6461098670385
45365156141843.12,1e-24,272.36304701670156,4.615512192950608e+18,272.36304701670156
497875754480353.75,1e-24,329.76779687444997,6.8101991580024545e+19,329.76779687444997
406240909552886.25,1e-24,271.0339152722127,4.1006227196745155e+19,271.0339152722127
184431567991581.75,1e-24,151.19625094940625,6.966664441724411e+18,151.19625094940625
294975757191744.75,1e-24,109.17825063160198,6.205607866772004e+18,109.17825063160198
245242795314133.56,1e-24,431.7523434796881,4.9484966686065934e+19,431.7523434796881
18374083031747.5,1e-24,311.0460728655407,2.3000524525564047e+18,311.0460728655407
15494996998883.117,1e-24,365.6006578529992,2.470579727251503e+18,365.6006578529992
14756604499356.686,1e-24,468.61051312330676,3.3260363541029166e+18,468.61051312330676
18828505956270.355,1e-24,479.8513204954494,4.3785370342050386e+18,479.8513204954494
399731480577820.8,1e-24,300.9041821885135,4.753956019601644e+19,300.9041821885135
367492270753944.3,1e-24,399.6062711017121,6.656939587209419e+19,399.6062711017121
779927305932698.4,1e-24,134.15784338120173,2.381895750178261e+19,134.15784338120173
151409034726183.44,1e-24,56.5741068065566,9.297361231666266e+17,56.5741068065566
170738475775215.56,1e-24,93.93273900546652,2.723674061307848e+18,93.93273900546652
134865610588890.77,1e-24,290.49095187658634,1.5186378524642621e+19,290.49095187658634
85500825136572.66,1e-24,266.08957000143016,8.382068041763735e+18,266.08957000143016
337168333990856.4,1e-24,401.62991109091263,6.151480418233086e+19,401.62991109091263
96450932574586.1,1e-24,303.80078634608003,1.1643322577735545e+19,303.80078634608003
728571991064328.5,1e-24,68.66945836555018,6.46515892548315e+18,68.66945836555018
17147749548676.664,1e-24,52.97741583627652,9.286647006271056e+16,52.97741583627652
206883840699819.06,1e-24,215.11806738728595,1.4328168035303817e+19,215.11806738728595
353706330144584.4,1e-24,338.9033925212104,5.041125779970886e+19,338.9033925212104
46481005746213.016,1e-24,450.19960820715255,9.929552541025833e+18,450.19960820715255
335015032027185.4,1e-24,142.5621210459861,1.1403204343307487e+19,142.5621210459861
53503727009940.15,1e-24,164.0755903000888,2.3327865479840184e+18,164.0755903000888
20664423666200.92,1e-24,82.4138525456739,2.584316279150766e+17,82.4138525456739
745169252854602.0,1e-24,224.5729782273891,5.542537216898967e+19,224.5729782273891
58430505771127.67,1e-24,367.5459972519152,9.3885335058748e+18,367.5459972519152
127639804550739.02,1e-24,468.7085935508465,2.877491588988229e+19,468.7085935508465
363582513632701.0,1e-24,244.89108642102477,3.117740720155845e+19,244.89108642102477
56587296665635.82,1e-24,493.4494570129178,1.3646898568969445e+19,493.4494570129178
272596623396506.88,1e-24,476.08538340188215,6.272810580998363e+19,476.08538340188215
17256676368825.63,1e-24,426.7615028034835,3.4272715475196805e+18,426.7615028034835
187995636005154.53,1e-24,69.74162238420516,1.7178698348670316e+18,69.74162238420516
150146772063743.34,1e-24,346.1872189016699,2.209046104077428e+19,346.1872189016699
10582916554900.346,1e-24,232.61580130245582,8.343871792966874e+17,232.61580130245582
447506164699346.94,1e-24,154.72592241860403,1.7604297159207385e+19,154.72592241860403
82622087517018.56,1e-24,226.73392226326766,6.244740102180573e+18,226.73392226326766
40165648460017.62,1e-24,460.03652880262155,8.833117701374655e+18,460.03652880262155
365248188665011.5,1e-24,64.18832138809415,2.8522813421497185e+18,64.18832138809415
986436913568347.5,1e-24,440.8080119107952,2.0467400957809738e+20,440.8080119107952
36967227119138.57,1e-24,420.07932403385973,7.183279129379764e+18,420.07932403385973
16324469008829.082,1e-24,499.56131793237694,4.0000674020723927e+18,499.56131793237694
214471442215302.44,1e-24,328.56125762381055,2.9178466987383902e+19,328.56125762381055
15166363263745.04,1e-24,449.54636545934636,3.233653629305753e+18,449.54636545934636
11428757200837.443,1e-24,128.00574844016205,3.2087859472209466e+17,128.00574844016205
19321629511162.312,1e-24,390.6162909391871,3.389387274326549e+18,390.6162909391871
24911991923532.156,1e-24,456.2127312941338,5.41775149381327e+18,456.2127312941338
205370508607659.8,1e-24,27.719728142401145,3.170691501165479e+17,27.719728142401145
10253205652127.139,1e-24,35.312379337055475,2.537826549446066e+16,35.312379337055475
162873472336068.38,1e-24,402.7260873211135,2.9832925312488165e+19,402.7260873211135
29998921479442.4,1e-24,426.21033303230575,5.947295916139655e+18,426.21033303230575
13015590621444.562,1e-24,402.4722882844213,2.3821005221592945e+18,402.4722882844213
717118390861161.2,1e-24,388.3331155611465,1.2470085485312421e+20,388.3331155611465
249024208241179.8,1e-24,420.6103071411377,4.846783751739726e+19,420.6103071411377
12031024164834.988,1e-24,108.87323425233714,2.5182347858126784e+17,108.87323425233714
17776545083782.824,1e-24,257.2201851945634,1.6506055337899924e+18,257.2201851945634
309297391014556.6,1e-24,318.7058038424354,4.01790122794924e+19,318.7058038424354
503804682372439.6,1e-24,86.05436629613453,6.829685087890242e+18,86.05436629613453
294606404539083.0,1e-24,104.59033052576301,5.729202359488725e+18,104.59033052576301
34795053022795.3,1e-24,357.85330166783893,5.376481556054878e+18,357.85330166783893
912871334478342.6,1e-24,309.6563669287641,1.1344739382671301e+20,309.6563669287641
12852885243670.438,1e-24,311.9913952644911,1.616418372654886e+18,311.9913952644911
12153492663469.049,1e-24,443.2313985697404,2.5421244841096177e+18,443.2313985697404
262516478726943.47,1e-24,94.83264474702658,4.262251498560422e+18,94.83264474702658
15256046777200.63,1e-24,99.9312821513563,2.72850239512462e+17,99.9312821513563
912124999680051.5,1e-24,234.69471480466,7.295295883188201e+19,234.69471480466
369966070357591.06,1e-24,321.84008763281065,4.8779367553104265e+19,321.84008763281065
139580998232563.8,1e-24,81.11382478587436,1.694449043618798e+18,81.11382478587436
779917934317890.9,1e-24,157.6578899322118,3.1707302279247385e+19,157.6578899322118
143230145009994.22,1e-24,352.8902128486424,2.1679925443742007e+19,352.8902128486424
198822857163482.66,1e-24,470.891260750804,4.5096689110541435e+19,470.891260750804
19809703706058.957,1e-24,259.0928418390016,1.8609643973120535e+18,259.0928418390016
64278951118241.72,1e-24,242.34267744648287,5.419389065571044e+18,242.34267744648287
17315500626010.521,1e-24,75.70635883765502,1.8469119577030445e+17,75.70635883765502
35987451414747.34,1e-24,159.30525584280733,1.490187195624941e+18,159.30525584280733
71747442910592.33,1e-24,309.38389804794787,8.907538907047419e+18,309.38389804794787
185890944838426.06,1e-24,211.7873393269294,1.2542810567169341e+19,211.7873393269294
65700128481733.16,1e-24,116.63797808151136,1.5591331555927567e+18,116.63797808151136
150180137223429.88,1e-24,165.35004654544656,6.636732213302269e+18,165.35004654544656
11806459143103.104,1e-24,215.01602163686158,8.170780647406952e+17,215.01602163686158
88769822233090.94,1e-24,120.54050542006338,2.2361513212888474e+18,120.54050542006338
139609787561183.95,1e-24,287.2282312116413,1.5445242652410135e+19,287.2282312116413
253515409443239.88,1e-24,327.49475627859294,3.432081832439129e+19,327.49475627859294
201774422526294.5,1e-24,164.94493439378112,8.878634216066658e+18,164.94493439378112
375720112732474.5,1e-24,279.0807479638429,3.972429413209201e+19,279.0807479638429
72918275704394.17,1e-24,316.746115661118,9.38471363098033e+18,316.746115661118
52639853131721.75,1e-24,261.24222985731154,5.011035341823481e+18,261.24222985731154
297448221791593.94,1e-24,444.3374144946168,6.2416198272766165e+19,444.3374144946168
695207413385670.8,1e-24,256.78013333971865,6.435959469358708e+19,256.78013333971865
109786825979894.78,1e-24,401.93650127427986,2.0054253547232776e+19,401.93650127427986
42550178223532.76,1e-24,420.3173575490836,8.274602182929212e+18,420.3173575490836
97338195993650.98,1e-24,66.76979492428151,8.191422493763373e+17,66.76979492428151
13935363259363.014,1e-24,422.57667340933693,2.7302205023525197e+18,422.57667340933693
12916231900273.082,1e-24,147.4996037054914,4.6703124870149786e+17,147.4996037054914
46586499728167.85,1e-24,94.76727814388096,7.554394470184717e+17,94.76727814388096
42441110560671.87,1e-24,373.919357695292,6.99185632557955e+18,373.919357695292
10699554300082.56,1e-24,415.3149780151364,2.046395625533421e+18,415.3149780151364
516530590859541.25,1e-24,192.4081708638586,2.96359257975921e+19,192.4081708638586
20287372251852.13,1e-24,304.4117998930896,2.4567238715051766e+18,304.4117998930896
17351823111481.186,1e-24,188.81048692834372,9.641440264418671e+17,188.81048692834372
825768594439010.8,1e-24,497.7775915659822,2.0129401779836168e+20,497.7775915659822
350114246263259.9,1e-24,162.37113986117544,1.4988409655332995e+19,162.37113986117544
237317682336917.97,1e-24,355.64911908716624,3.6334574407636697e+19,355.64911908716624
59660019410871.36,1e-24,324.0354309472181,7.948692279659849e+18,324.0354309472181
10506432869461.275,1e-24,112.43825271509832,2.3323585570403117e+17,112.43825271509832
112247481610553.78,1e-24,90.23813908656497,1.6622226617831168e+18,90.23813908656497
21469094901826.668,1e-24,419.78910236961656,4.1678020808355784e+18,419.78910236961656
951187217434998.9,1e-24,282.42501973393973,1.0245037049736102e+20,282.42501973393973
476584004119246.7,1e-24,495.2576155198735,1.1544566946712003e+20,495.2576155198735
19195161796041.31,1e-24,229.64035049463203,1.4816596549933686e+18,229.64035049463203
60974104632579.47,1e-24,49.22414898663066,2.8679757200423344e+17,49.22414898663066
324086055955205.75,1e-24,222.55172338807057,2.3749865222199448e+19,222.55172338807057
86826814590155.62,1e-24,83.82975716848769,1.1209699934275612e+18,83.82975716848769
23006645700620.977,1e-24,454.48077485654534,4.977911174646285e+18,454.48077485654534
12282822558766.371,1e-24,124.09761962241606,3.2611627071831866e+17,124.09761962241606
38381209868685.34,1e-24,250.19679577677735,3.408057134767355e+18,250.19679577677735
148898507997974.94,1e-24,251.71208816682662,1.335072976751082e+19,251.71208816682662
14730947072304.63,1e-24,129.39705248729965,4.2171007053403283e+17,129.39705248729965
486605226792790.7,1e-24,322.4184632344449,6.432984166400424e+19,322.4184632344449
198745864333868.7,1e-24,338.39959512216393,2.8264925427209773e+19,338.39959512216393
335587702660715.6,1e-24,38.47315604350919,9.809860225522116e+17,38.47315604350919
54102429759490.33,1e-24,274.36844327822257,5.568855025724496e+18,274.36844327822257
47523997744189.23,1e-24,423.7946479107214,9.347876041721203e+18,423.7946479107214
92287953846349.56,1e-24,386.62751883509577,1.5952799517862435e+19,386.62751883509577
505860808451831.75,1e-24,257.347826622714,4.700035165735215e+19,257.347826622714
659332506236057.2,1e-24,297.6907308631205,7.711174338908086e+19,297.6907308631205
501820729767457.44,1e-24,176.8894898398469,2.4926823967156634e+19,176.8894898398469
99456670672197.84,1e-24,270.39141009224306,1.0002526067602051e+19,270.39141009224306
16216586083140.277,1e-24,205.2907282837549,1.0384776077626833e+18,205.2907282837549
683400583235363.9,1e-24,319.10779777872375,8.89326545690975e+19,319.10779777872375
22647129573455.633,1e-24,176.03926144870644,1.1157493993282819e+18,176.03926144870644
24166069453985.688,1e-24,22.163334581300546,2.40655536834176e+16,22.163334581300546
716013015723097.2,1e-24,229.62159084586702,5.524942371412602e+19,229.62159084586702
41216408418376.37,1e-24,303.25382386329096,4.961834541734711e+18,303.25382386329096
10342580565161.16,1e-24,146.23083223439878,3.682953252110978e+17,146.23083223439878
254722278818466.38,1e-24,320.54718880393887,3.3381592237819904e+19,320.54718880393887
919627384397861.6,1e-24,313.97527773244155,1.1673768781106364e+20,313.97527773244155
90159552458335.2,1e-24,383.10195596016376,1.538157215614183e+19,383.10195596016376
640701504679306.2,1e-24,363.14101389199226,1.0112154541746235e+20,363.14101389199226
844155485785314.8,1e-24,393.1825336617068,1.494009529941017e+20,393.1825336617068
541505505571349.4,1e-24,65.91099487998223,4.4464434315795067e+18,65.91099487998223
291626513670234.9,1e-24,225.64346276841061,2.1865354593015505e+19,225.64346276841061
127704912787130.78,1e-24,330.5101806463548,1.7530358315563065e+19,330.5101806463548
870222350573890.0,1e-24,492.44325990149605,2.0919164530141426e+20,492.44325990149605
37709996402629.83,1e-24,369.53921374457894,6.107135009983563e+18,369.53921374457894
316203793505788.06,1e-24,179.7815020433939,1.6152584383265726e+19,179.7815020433939
17690477264454.797,1e-24,30.06401054000268,3.2006560290414224e+16,30.06401054000268
358662734310122.94,1e-24,249.95287349028388,3.1793806698417144e+19,249.95287349028388
935578728380063.0,1e-24,237.83699353488998,7.64769077076016e+19,237.83699353488998
903304051526953.5,1e-24,211.67224107508935,6.08820398459301e+19,211.67224107508935
386691210907916.44,1e-24,51.56144343279771,1.9881853756979986e+18,51.56144343279771
129099161127171.19,1e-24,403.00929562300485,2.367051130575024e+19,403.00929562300485
706973824454340.5,1e-24,413.0657144025415,1.3414072002788844e+20,413.0657144025415
11856089099377.71,1e-24,192.62414724029975,6.816290134538451e+17,192.62414724029975
12514022878375.846,1e-24,63.54832264613342,9.588535651929878e+16,63.54832264613342
224187429441700.53,1e-24,359.4965161927321,3.4871687483571905e+19,359.4965161927321
352729161116066.5,1e-24,434.0737085472748,7.169384215412703e+19,434.0737085472748
301205527154362.44,1e-24,402.4270801322497,5.510862399511985e+19,402.4270801322497
12529317644298.307,1e-24,124.9222237162363,3.366601883255762e+17,124.9222237162363
175305502007776.1,1e-24,430.48139926616335,3.5231662226822164e+19,430.48139926616335
10209400711241.576,1e-24,262.1683776370114,9.774227191562564e+17,262.1683776370114
226242816520958.28,1e-24,24.507571673020472,2.7444494537253805e+17,24.507571673020472
63490846164624.97,1e-24,448.86109187801145,1.3508751186283303e+19,448.86109187801145
220407118943724.16,1e-24,126.45259804669269,6.053521838357404e+18,126.45259804669269
507647508764981.6,1e-24,180.53539747066202,2.6118309101131514e+19,180.53539747066202
508966668904656.06,1e-24,156.4823890482637,2.0422967575803064e+19,156.4823890482637
151579511028302.7,1e-24,204.5006331964387,9.643656497888272e+18,204.5006331964387
35452764148364.414,1e-24,444.41320546421593,7.442325374036868e+18,444.41320546421593
23723969874454.61,1e-24,51.55767970552392,1.2196328196281552e+17,51.55767970552392
48289629920633.016,1e-24,361.6431823443681,7.577815641752252e+18,361.6431823443681
411967742779765.2,1e-24,499.38425133271477,1.0087145970275521e+20,499.38425133271477
39149310173804.914,1e-24,209.89155605432828,2.602164030674178e+18,209.89155605432828
18777706906785.34,1e-24,291.68724551528646,2.1281472991024448e+18,291.68724551528646
988917527872026.5,1e-24,353.4316949591227,1.499640675783148e+20,353.4316949591227
155033546104489.75,1e-24,202.26085553167906,9.681885072931932e+18,202.26085553167906
677013798904017.2,1e-24,253.4891321038712,6.1386183412054606e+19,253.4891321038712
18566661800371.35,1e-24,189.0354469675754,1.0337456542646115e+18,189.0354469675754
13624900446775.244,1e-24,108.96972846750296,2.8564741038421834e+17,108.96972846750296
10847697402293.07,1e-24,232.10715908508007,8.521898963805624e+17,232.10715908508007
185814897405638.7,1e-24,178.2133065656648,9.350066620709462e+18,178.2133065656648
69304836454093.92,1e-24,480.0125436938422,1.6123258209135983e+19,480.0125436938422
319099587770671.75,1e-24,275.0197521030261,3.296584961744831e+19,275.0197521030261
37075050412023.63,1e-24,449.5284313987677,7.904315998333911e+18,449.5284313987677
29525294199820.402,1e-24,169.41793795317176,1.3611658369386683e+18,169.41793795317176
657854165317793.9,1e-24,269.47560708968547,6.57921591992938e+19,269.47560708968547
305236102035640.1,1e-24,299.4649491402454,3.6034238156045226e+19,299.4649491402454
202711514340174.28,1e-24,156.69781284226454,8.154242267622256e+18,156.69781284226454
30390939308603.566,1e-24,168.021250112646,1.3810617274955005e+18,168.021250112646
20458939975442.074,1e-24,438.41403899249565,4.216169394271512e+18,438.41403899249565
36854783684958.37,1e-24,285.1298032630485,4.0308494560193695e+18,285.1298032630485
383662056427703.0,1e-24,394.07381359409965,6.813778724178724e+19,394.07381359409965
75296106049060.62,1e-24,243.36608120749557,6.391967799402658e+18,243.36608120749557
975895910004273.1,1e-24,340.5527637197218,1.4005931391807073e+20,340.5527637197218
425869841671042.2,1e-24,452.25144491742367,9.151357784512725e+19,452.25144491742367
375992924571796.56,1e-24,100.73787902724811,6.824512716156814e+18,100.73787902724811
133150090965104.69,1e-24,59.92813708412699,9.125407493260936e+17,59.92813708412699
202229381275239.8,1e-24,478.1212198120274,4.679973824002602e+19,478.1212198120274
106038635007636.73,1e-24,222.15652150520592,7.74839998712011e+18,222.15652150520592
11794662082208.434,1e-24,480.289515941318,2.746126660155556e+18,480.289515941318
16069611163375.021,1e-24,30.128755719375,2.919633001387434e+16,30.128755719375
31055120805813.332,1e-24,42.109912620007385,1.081233000943694e+17,42.109912620007385
81327174628711.73,1e-24,262.88302261598506,7.819882792083702e+18,262.88302261598506
42183236521566.984,1e-24,34.97063646169417,1.0245489282133818e+17,34.97063646169417
16718631924318.592,1e-24,198.40714521506476,1.0107006478290509e+18,198.40714521506476
13214687628687.508,1e-24,352.1129655488576,1.993854559638202e+18,352.1129655488576
25944247758760.69,1e-24,158.01506870398288,1.0591106855875948e+18,158.01506870398288
61411761463196.27,1e-24,214.13872020388246,4.221080581638651e+18,214.13872020388246
10076771609070.266,1e-24,64.91448178936179,8.039086843145659e+16,64.91448178936179
531531647344312.25,1e-24,10.604200630834985,1.234488995545481e+17,10.604200630834985
103832834925859.83,1e-24,249.85598318853198,9.199304317091613e+18,249.85598318853198
46364792663359.13,1e-24,221.35023987176032,3.3676176407748634e+18,221.35023987176032
364051039158698.8,1e-24,422.18981604532866,7.121969655884369e+19,422.18981604532866
33166304740673.07,1e-24,168.0203160741876,1.507167760742909e+18,168.0203160741876
30546798917410.562,1e-24,245.1330662700219,2.623899046937532e+18,245.1330662700219
232550198909749.53,1e-24,121.84390897707607,5.9730317317894e+18,121.84390897707607
45863953041694.41,1e-24,465.8884626186837,1.0257579504805171e+19,465.8884626186837
12506580409509.104,1e-24,235.77710656738745,1.0081517457668244e+18,235.77710656738745
264920815461791.75,1e-24,83.7224656631623,3.412005021996787e+18,83.7224656631623
12437928044288.531,1e-24,77.72063210288007,1.3937274527925466e+17,77.72063210288007
688091807411458.9,1e-24,14.537293092350474,2.9844199977204166e+17,14.537293092350474
23803671577979.594,1e-24,25.32892132180583,3.080253254905775e+16,25.32892132180583
16644047062350.45,1e-24,313.87315044786516,2.1125611075659123e+18,313.87315044786516
30428308972316.477,1e-24,288.91390471103165,3.3974504253449134e+18,288.91390471103165
151492371965095.22,1e-24,426.22331321399173,3.003246908247665e+19,426.22331321399173
10220750477005.463,1e-24,428.15103507775973,2.0390195377141071e+18,428.15103507775973
173076527362398.47,1e-24,89.74430819142923,2.537003111273561e+18,89.74430819142923
351459086803884.25,1e-24,429.190855477387,7.03352638738012e+19,429.190855477387
32249795681493.914,1e-24,460.20890364231366,7.095873724657159e+18,460.20890364231366
81080209204700.95,1e-24,305.6779826233275,9.88129261093638e+18,305.6779826233275
931749283016534.6,1e-24,187.15267853320768,5.098626909300718e+19,187.15267853320768
422978888502147.56,1e-24,166.0155677359452,1.8822388317102625e+19,166.0155677359452
396667888569126.4,1e-24,304.3596202426948,4.801483163985961e+19,304.3596202426948
27083911776488.977,1e-24,212.87278595672583,1.843243018780599e+18,212.87278595672583
43178869617920.06,1e-24,48.2731126093783,1.9562135630151894e+17,48.2731126093783
11472803101443.75,1e-24,179.77454114951865,5.860655758331402e+17,179.77454114951865
10916119860441.924,1e-24,91.08900121506977,1.6449489920480496e+17,91.08900121506977
282076328161104.2,1e-24,356.9647054849581,4.342170285111253e+19,356.9647054849581
300027299444107.4,1e-24,165.4050538536896,1.3266016126131634e+19,165.4050538536896
602613579843779.1,1e-24,300.9769685339393,7.168898060434334e+19,300.9769685339393
17867043036361.348,1e-24,80.42214411321173,2.1345111162963834e+17,80.42214411321173
243327309365426.16,1e-24,94.74252885661825,3.94375995009956e+18,94.74252885661825
103415444544577.36,1e-24,495.96949320506826,2.5104186348835824e+19,495.96949320506826
10186270608607.084,1e-24,18.12410292980289,6827645493701965.0,18.12410292980289
968655087684665.2,1e-24,296.4730287257411,1.1255577466388524e+20,296.4730287257411
17939897238641.953,1e-24,449.6780778795059,3.8265106255117757e+18,449.6780778795059
576448615250233.0,1e-24,272.73820242457384,5.876554776447685e+19,272.73820242457384
175220154816680.9,1e-24,143.86172383542942,6.061203544729501e+18,143.86172383542942
12619419940312.754,1e-24,301.33812835652355,1.504398554375662e+18,301.33812835652355
38860679160105.85,1e-24,335.1743128635724,5.44830428938457e+18,335.1743128635724
470424956784513.94,1e-24,18.89866651803839,3.4241225407335296e+17,18.89866651803839
155391603906647.94,1e-24,123.3274644465576,4.079531397276528e+18,123.3274644465576
559470247513546.9,1e-24,134.29560821529594,1.7118258330070036e+19,134.29560821529594
166548323919530.72,1e-24,281.2350116439096,1.7825037177529924e+19,281.2350116439096
61991622054060.79,1e-24,342.0341741638991,8.958587927932307e+18,342.0341741638991
282838984590663.2,1e-24,287.79951970649955,3.1386690597366325e+19,287.79951970649955
328733886574164.25,1e-24,491.8743672365394,7.893620939155913e+19,491.8743672365394
68951667874031.53,1e-24,262.1456954239101,6.600211587356871e+18,262.1456954239101
10591067986498.137,1e-24,400.0539925920854,1.921943869385318e+18,400.0539925920854
109764052812589.48,1e-24,209.90110087667694,7.296177857011679e+18,209.90110087667694
15422114606550.342,1e-24,445.93164662094466,3.252487107642188e+18,445.93164662094466
61661556047978.52,1e-24,344.464983122518,9.005374232228162e+18,344.464983122518
19895200156223.715,1e-24,481.1593184751059,4.643127547017882e+18,481.1593184751059
22744873389153.57,1e-24,107.77557652075028,4.6733309702684454e+17,107.77557652075028
522354957869732.44,1e-24,457.1655446295463,1.13880515348328e+20,457.1655446295463
26564082175238.2,1e-24,240.20243520566567,2.2074736790547965e+18,240.20243520566567
293082447160576.4,1e-24,440.3992095672928,6.076087104431284e+19,440.3992095672928
57293504804492.445,1e-24,263.3395485562203,5.524330744549321e+18,263.3395485562203
304391710445541.5,1e-24,368.25662855986974,4.904084334906951e+19,368.25662855986974
368061388417131.8,1e-24,289.2675711343479,4.116891630490903e+19,289.2675711343479
16189379127252.695,1e-24,452.9469125302396,3.487001414531499e+18,452.9469125302396
538449624759903.6,1e-24,401.0677435509832,9.803247031567224e+19,401.0677435509832
15838897718930.816,1e-24,110.1547098699003,3.3869209601187725e+17,110.1547098699003
307044081331231.56,1e-24,21.338646345153755,2.838095927623084e+17,21.338646345153755
908760135054640.1,1e-24,194.80089337428356,5.324241960498784e+19,194.80089337428356
274552288062477.97,1e-24,444.90983335914126,5.771322492575714e+19,444.90983335914126
61554495515941.08,1e-24,166.37491941383635,2.749695729218282e+18,166.37491941383635
164999359286510.9,1e-24,294.68479313654484,1.8999194827616395e+19,294.68479313654484
65808191393602.04,1e-24,304.86963037517717,7.987465262864037e+18,304.86963037517717
742613327493024.2,1e-24,239.14372574703228,6.1253465624465736e+19,239.14372574703228
24744823561585.207,1e-24,194.83093161267192,1.4504529688807258e+18,194.83093161267192
61406446366323.61,1e-24,74.24325958284773,6.313676977054116e+17,74.24325958284773
21171079408509.812,1e-24,345.43541596290186,3.104956340754354e+18,345.43541596290186
47748035536475.914,1e-24,477.90021200934575,1.104427586156385e+19,477.90021200934575
30703896308403.79,1e-24,58.473007501362936,2.0080047980385946e+17,58.473007501362936
321372806926088.44,1e-24,441.70766543975634,6.68941598705542e+19,441.70766543975634
35993718329503.625,1e-24,109.0231698062842,7.552863335452765e+17,109.0231698062842
23525142877102.4,1e-24,265.786027669591,2.3021376537421455e+18,265.786027669591
86463593753881.34,1e-24,137.12552152872178,2.7462405780232013e+18,137.12552152872178
12312499729909.266,1e-24,245.93075675987754,1.0632217132806572e+18,245.93075675987754
829210313834414.8,1e-24,329.73440836880496,1.1338938546943243e+20,329.73440836880496
97951956095844.67,1e-24,64.2391162745119,7.660877439507341e+17,64.2391162745119
31979567143671.65,1e-24,154.43923529152593,1.2540393401241388e+18,154.43923529152593
338537751369844.5,1e-24,439.58829065966347,7.000660620686633e+19,439.58829065966347
635746103611459.1,1e-24,492.4386180428695,1.5284996846294725e+20,492.4386180428695
922005191039151.1,1e-24,476.9695750563109,2.125889836599866e+20,476.9695750563109
13920161726638.467,1e-24,77.51883260462455,1.5522261875567763e+17,77.51883260462455
40638068023680.26,1e-24,280.92014449158614,4.341877155566873e+18,280.92014449158614
15629884812438.693,1e-24,424.4405093230498,3.0809046878793795e+18,424.4405093230498
171203389313703.12,1e-24,275.75855712808044,1.7763090968785973e+19,275.75855712808044
21410294778543.41,1e-24,134.09518245609672,6.534074568965395e+17,134.09518245609672
20923004572525.586,1e-24,427.4472473194513,4.1646222414107653e+18,427.4472473194513
147385826139807.47,1e-24,370.2134194846204,2.3931115518833746e+19,370.2134194846204
39090004985348.61,1e-24,191.9137921732558,2.2332481156787843e+18,191.9137921732558
64522313184334.625,1e-24,382.4073361545771,1.0979251953156153e+19,382.4073361545771
350514489414692.9,1e-24,111.33862848187553,7.642601306493596e+18,111.33862848187553
763972478027658.4,1e-24,69.12111534740633,6.863807031166513e+18,69.12111534740633
619789429167644.5,1e-24,59.19386636840655,4.148967459361139e+18,59.19386636840655
33812682172377.004,1e-24,424.7744826732989,6.672204071579851e+18,424.7744826732989
22855153618107.684,1e-24,212.6482863418852,1.5527060275914826e+18,212.6482863418852
79381371827745.61,1e-24,130.17689678137273,2.2971274924853407e+18,130.17689678137273
263323975195084.94,1e-24,427.1539782070799,5.23561142506807e+19,427.1539782070799
561242150079477.8,1e-24,176.26785141091486,2.7709190938318565e+19,176.26785141091486
115265884862457.95,1e-24,131.71913789416925,3.406781285674452e+18,131.71913789416925
30874007342063.867,1e-24,89.01449079744282,4.457509410639234e+17,89.01449079744282
758643989888940.9,1e-24,445.11452601673415,1.595237846507267e+20,445.11452601673415
358688478343089.7,1e-24,263.6541454309872,3.464777469538819e+19,263.6541454309872
95766988558314.03,1e-24,269.575376429424,9.58526261115609e+18,269.575376429424
118341215905435.73,1e-24,222.93591150186828,8.697714426895898e+18,222.93591150186828
18344659950714.133,1e-24,71.57528790558263,1.7604915435791155e+17,71.57528790558263
802600510605776.4,1e-24,246.19507219731176,6.941018848895347e+19,246.19507219731176
806141074354035.4,1e-24,90.15267007795389,1.1915864114914626e+19,90.15267007795389
128479282938188.8,1e-24,111.78145414225422,2.8218022886975053e+18,111.78145414225422
32089962697246.44,1e-24,24.726743592977606,3.96125155436839e+16,24.726743592977606
17294444679442.18,1e-24,459.2557197383059,3.794776081151121e+18,459.2557197383059
43960840068004.35,1e-24,307.98331383814985,5.419937003438283e+18,307.98331383814985
85119343225197.48,1e-24,206.22111017018636,5.492413832499033e+18,206.22111017018636
115816965718480.66,1e-24,101.74708286151734,2.1411371749807135e+18,101.74708286151734
948872362008822.2,1e-24,410.97085566489284,1.7873859245900513e+20,410.97085566489284
304249074252050.9,1e-24,239.6920555368367,2.5193167642103353e+19,239.6920555368367
20218747295312.395,1e-24,461.12627055404823,4.4605834707943404e+18,461.12627055404823
48169721430812.86,1e-24,34.552277951497544,1.1428902752530829e+17,34.552277951497544
48395764376702.15,1e-24,399.28394494298334,8.758219070240326e+18,399.28394494298334
175961432933857.16,1e-24,377.9109065249812,2.943463415335409e+19,377.9109065249812
386607938730053.1,1e-24,113.85775942946587,8.780387881705014e+18,113.85775942946587
703990230252547.8,1e-24,224.61490543098256,5.237931466554188e+19,224.61490543098256
189682514655201.66,1e-24,11.131298567503581,4.8501355679871816e+16,11.131298567503581
969922416759973.2,1e-24,147.639229122436,3.512336438005253e+19,147.639229122436
13308411259836.656,1e-24,234.54840035289183,1.0636308801836659e+18,234.54840035289183
18115908328401.535,1e-24,84.64008797721209,2.3812288947198413e+17,84.64008797721209
183893181309933.97,1e-24,202.5344218694143,1.1510321072243382e+19,202.5344218694143
697758121795498.0,1e-24,166.38668235795433,3.1169100537098416e+19,166.38668235795433
283374167178222.44,1e-24,235.93872077590473,2.28664574944904e+19,235.93872077590473
208882762407759.53,1e-24,303.8507247908353,2.522105203311864e+19,303.8507247908353
88220181211123.48,1e-24,475.5299363659742,2.027203147417999e+19,475.5299363659742
48464896042491.195,1e-24,96.84539561214356,8.180517419222881e+17,96.84539561214356
227084829395979.5,1e-24,424.5437050408753,4.477146080981523e+19,424.5437050408753
12036701204951.945,1e-24,230.32001732711348,9.336416259081164e+17,230.32001732711348
609502342911644.4,1e-24,377.3131232722051,1.0170105927769899e+20,377.3131232722051
962975932469063.9,1e-24,270.39276768264943,9.681869715450556e+19,270.39276768264943
208925493943030.3,1e-24,158.2153377575848,8.547523104116332e+18,158.2153377575848
785364378672189.9,1e-24,189.5043893927028,4.3904248192815825e+19,189.5043893927028
299931048255656.6,1e-24,207.53870001835014,1.9560596435933274e+19,207.53870001835014
132934547050027.9,1e-24,362.69344216055765,2.0948511911919874e+19,362.69344216055765
104200140248215.28,1e-24,454.47230018565915,2.2543861300731142e+19,454.47230018565915
68960749957808.82,1e-24,327.0651810902293,9.318150032480455e+18,327.0651810902293
48386573278217.48,1e-24,209.9967674331964,3.218839424386898e+18,209.9967674331964
75875264226981.19,1e-24,71.64543897301976,7.294990381073166e+17,71.64543897301976
15256234590990.678,1e-24,337.0700623419114,2.1571231432710185e+18,337.0700623419114
204661181370350.88,1e-24,334.8257599629467,2.864675080553516e+19,334.8257599629467
10952995032022.207,1e-24,170.00795290917216,5.080109301150574e+17,170.00795290917216
24866788154191.24,1e-24,391.29419704656607,4.3728982189685156e+18,391.29419704656607
526333245473009.75,1e-24,130.8733848408122,1.5376433558094993e+19,130.8733848408122
216619883382747.06,1e-24,73.38777369455448,2.1791368332359826e+18,73.38777369455448
35506269996098.86,1e-24,77.94070315437557,3.9997985941282886e+17,77.94070315437557
36901288695919.33,1e-24,340.62090820114616,5.299932395366725e+18,340.62090820114616
661688855917011.2,1e-24,109.23597988285113,1.3933160495273712e+19,109.23597988285113
121383056725609.38,1e-24,353.68163960928183,1.8434094438156837e+19,353.68163960928183
805090935523532.1,1e-24,308.9296366147152,9.969712930878438e+19,308.9296366147152
32375304520052.76,1e-24,316.48429688782875,4.16157887349104e+18,316.48429688782875
43750429750604.35,1e-24,488.3029114389368,1.0408600010397407e+19,488.3029114389368
63001700286413.414,1e-24,345.859583172897,9.256528982796308e+18,345.859583172897
11128974945517.88,1e-24,206.03010860603013,7.170041330976109e+17,206.03010860603013
562620078057050.75,1e-24,309.01144777229047,6.97065653225395e+19,309.01144777229047
77247738302081.06,1e-24,468.6093747235057,1.74103143390116e+19,468.6093747235057
510468270206289.2,1e-24,167.88568017323973,2.316238085974809e+19,167.88568017323973
122771285741281.69,1e-24,250.01388548530673,1.0888263896253594e+19,250.01388548530673
183825180139003.4,1e-24,173.71452080979023,8.850393993336411e+18,173.71452080979023
30790022164309.625,1e-24,457.20919927521265,6.715668108700647e+18,457.20919927521265
704285908455772.8,1e-24,423.22821402336973,1.3822121297336733e+20,423.22821402336973
904500604673925.6,1e-24,375.04584763204736,1.495926657146162e+20,375.04584763204736
338325285616568.56,1e-24,383.66914506169394,5.783464873141351e+19,383.66914506169394
91456644205576.62,1e-24,233.66157531199312,7.263871828499738e+18,233.66157531199312
30231002715953.21,1e-24,325.9614052360523,4.0641310830934523e+18,325.9614052360523
37900092699350.195,1e-24,136.32612075415366,1.1912817266996416e+18,136.32612075415366
148567134925382.7,1e-24,210.89137023027115,9.953595091618329e+18,210.89137023027115
27397643959614.145,1e-24,409.86744820888725,5.144235352435685e+18,409.86744820888725
526186666092817.3,1e-24,92.17276464211267,8.104508188972583e+18,92.17276464211267
10351756926209.465,1e-24,174.70368457939313,5.033310428130267e+17,174.70368457939313
393569714155110.56,1e-24,421.195194454819,7.674197315175318e+19,421.195194454819
18908546252767.645,1e-24,389.42459157969506,3.302496129558068e+18,389.42459157969506
17037596733395.906,1e-24,201.1306691766993,1.054017674149974e+18,201.1306691766993
993617038191949.9,1e-24,104.36950338314581,1.9246284343716532e+19,104.36950338314581
20320161961168.152,1e-24,217.17216294792883,1.4298757148645276e+18,217.17216294792883
173515010932201.72,1e-24,467.1213833824941,3.8940153866543096e+19,467.1213833824941
915466150997336.8,1e-24,44.12391192978337,3.488083223265869e+18,44.12391192978337
18879697637477.414,1e-24,397.46160720903697,3.394672525218507e+18,397.46160720903697
34774773065770.62,1e-24,443.5760391581167,7.281352215580901e+18,443.5760391581167
212278746495062.2,1e-24,64.80395316653181,1.6880335491049933e+18,64.80395316653181
462443383260849.4,1e-24,96.41462620395717,7.74130351868024e+18,96.41462620395717
70305740908454.766,1e-24,280.5706149940717,7.496843976349057e+18,280.5706149940717
100353447849233.0,1e-24,346.2198286514237,1.4766995239783174e+19,346.2198286514237
202010279597686.06,1e-24,496.1005827087469,4.905141219854133e+19,496.1005827087469
997341334123336.1,1e-24,263.0651072914641,9.597328013957451e+19,263.0651072914641
15502372705737.469,1e-24,366.643216494672,2.482043300404028e+18,366.643216494672
898107155232263.6,1e-24,165.97992993821995,3.994642127216407e+19,165.97992993821995
83640721733141.8,1e-24,218.1406931595734,5.929256527572591e+18,218.1406931595734
12671799980093.773,1e-24,339.40957129948794,1.8103428265502047e+18,339.40957129948794
50895031809629.25,1e-24,395.8572985694361,9.098705864164149e+18,395.8572985694361
461572738547909.25,1e-24,412.40308543294424,8.739481331787676e+19,412.40308543294424
68128997126743.21,1e-24,167.55738429804077,3.081124775082315e+18,167.55738429804077
314515142289263.25,1e-24,402.68082258293424,5.759449191727059e+19,402.68082258293424
96053875652048.64,1e-24,447.5851995727885,2.035819948000031e+19,447.5851995727885
19400699646652.92,1e-24,440.74370203289044,4.027062677801362e+18,440.74370203289044
15566481718408.371,1e-24,85.2275058067608,2.0726908561074122e+17,85.2275058067608
116863806085192.75,1e-24,43.08405529183336,4.252568195975277e+17,43.08405529183336
12753054122897.004,1e-24,10.254184641195705,2771192737392104.0,10.254184641195705
74581878777192.72,1e-24,389.56570183319263,1.3032536007647021e+19,389.56570183319263
11740232579125.482,1e-24,329.60622716826913,1.6050544181693427e+18,329.60622716826913
442847946144329.25,1e-24,92.32041580315685,6.841232898292293e+18,92.32041580315685
19666517805487.008,1e-24,431.7924770740627,3.969355343369865e+18,431.7924770740627
442842424599050.44,1e-24,274.0814654694516,4.550050151134084e+19,274.0814654694516
434910365477994.25,1e-24,55.450477938002436,2.5701198844666204e+18,55.450477938002436
61512451536585.555,1e-24,371.5208024921227,1.0039514897498458e+19,371.5208024921227
32726828351041.46,1e-24,378.64116807244085,5.490186277711064e+18,378.64116807244085
101942952779290.81,1e-24,377.6303340946342,1.7035301679141564e+19,377.6303340946342
84988326119721.5,1e-24,190.27312670869063,4.784861939389017e+18,190.27312670869063
27439641497475.547,1e-24,112.10587730315736,6.058615271893718e+17,112.10587730315736
318406277289615.44,1e-24,68.26607053664065,2.794247514867884e+18,68.26607053664065
14858148692424.854,1e-24,96.38276886084378,2.4858700992430394e+17,96.38276886084378
22422964167340.805,1e-24,413.3227351753809,4.259913510913967e+18,413.3227351753809
62663297808153.02,1e-24,495.2903441066364,1.5185112040071873e+19,495.2903441066364
18811460526050.465,1e-24,330.23451458988524,2.5791761160969544e+18,330.23451458988524
78969432019863.89,1e-24,202.52990658156625,4.942839290503069e+18,202.52990658156625
562559415866362.6,1e-24,488.0418664559158,1.3369548386394415e+20,488.0418664559158
556823963791933.06,1e-24,104.22733272721518,1.0759300896667986e+19,104.22733272721518
27643679072837.48,1e-24,331.476200756581,3.811602553857686e+18,331.476200756581
37858827820743.27,1e-24,370.01531408248417,6.142724141715029e+18,370.01531408248417
135781718708291.34,1e-24,279.94529656029744,1.4427492248981258e+19,279.94529656029744
454039722611884.44,1e-24,358.1610581539121,7.023167296211377e+19,358.1610581539121
11302005908259.027,1e-24,34.234977201547686,2.6338701087971656e+16,34.234977201547686
159630878940721.5,1e-24,248.234117054915,1.3994129661105385e+19,248.234117054915
33141282497504.92,1e-24,215.14148278425282,2.295797305326892e+18,215.14148278425282
327959818555317.4,1e-24,415.0396274823857,6.265595372121671e+19,415.0396274823857
132570268470335.83,1e-24,198.83104561998047,8.043123180460939e+18,198.83104561998047
34785121368528.69,1e-24,265.7400506769342,3.40306965326378e+18,265.7400506769342
42608793512631.56,1e-24,286.4066171531392,4.692937273876321e+18,286.4066171531392
225582167381578.97,1e-24,42.37881335050347,7.951121443796613e+17,42.37881335050347
10049279607512.74,1e-24,114.01579803196405,2.2882210872962048e+17,114.01579803196405
615209446542779.6,1e-24,326.682473981994,8.296144058176579e+19,326.682473981994
22076016188981.1,1e-24,446.2293412935732,4.659968441132288e+18,446.2293412935732
87078688721523.58,1e-24,243.2849607725437,7.388163190147865e+18,243.2849607725437
743162672245871.1,1e-24,39.148479169836605,2.2468615614068224e+18,39.148479169836605
26937454209591.793,1e-24,297.027949325814,3.1403656013358874e+18,297.027949325814
24602147569078.414,1e-24,342.9682345123893,3.5698702202656527e+18,342.9682345123893
26803072350694.58,1e-24,58.58691559341903,1.759411606373381e+17,58.58691559341903
25940020757863.69,1e-24,217.13967679331049,1.8248722947621711e+18,217.13967679331049
22504874652262.68,1e-24,75.99909221244017,2.417896175474567e+17,75.99909221244017
525489173044860.0,1e-24,166.99462976268083,2.362415688853727e+19,166.99462976268083
52664428176836.99,1e-24,37.08250065560154,1.4334096391383038e+17,37.08250065560154
51848864178457.336,1e-24,139.75551688757403,1.703572179333829e+18,139.75551688757403
166329826568621.06,1e-24,110.64124585947927,3.5853881264609316e+18,110.64124585947927
598040927175092.6,1e-24,465.536644250582,1.3356960574897598e+20,465.536644250582
15836606085349.164,1e-24,62.62744858140283,1.1802549829728662e+17,62.62744858140283
17007985472442.314,1e-24,313.5889355920529,2.1557644039852357e+18,313.5889355920529
17536298462146.285,1e-24,427.6673357858305,3.49299860222156e+18,427.6673357858305
322509884612091.2,1e-24,411.7063405366318,6.092523738040235e+19,411.7063405366318
112751169116668.62,1e-24,498.37183364438516,2.7541380198885597e+19,498.37183364438516
12256041021356.75,1e-24,206.61983245119555,7.934230996320343e+17,206.61983245119555
44450160952586.89,1e-24,474.8362943691941,1.0194844774604233e+19,474.8362943691941
142469505530020.44,1e-24,405.03357306791537,2.6306759656097636e+19,405.03357306791537
21912018570758.836,1e-24,489.53073051121504,5.230185938323655e+18,489.53073051121504
99375446676620.23,1e-24,251.89931737261645,8.92119347416985e+18,251.89931737261645
874519418020539.9,1e-24,196.55885699640106,5.202421245116198e+19,196.55885699640106
62380672028301.92,1e-24,296.52882437441895,7.253257100494701e+18,296.52882437441895
18034546298691.7,1e-24,167.3319569418089,8.137106630547201e+17,167.3319569418089
24345384886986.84,1e-24,60.60890476245431,1.704789806686436e+17,60.60890476245431
539870022128827.5,1e-24,298.7722714024633,6.349928689869671e+19,298.7722714024633
52160960871427.05,1e-24,210.24799490968928,3.476884287008733e+18,210.24799490968928
72952135167850.16,1e-24,320.2430992509076,9.547415553817661e+18,320.2430992509076
713737939864759.9,1e-24,467.06201363192145,1.600915516728394e+20,467.06201363192145
60671391981605.445,1e-24,171.33860520290708,2.8522904892998364e+18,171.33860520290708
79816558915911.12,1e-24,288.28777290996135,8.881488552314989e+18,288.28777290996135
83875635344281.17,1e-24,332.78917081018346,1.1633742536334498e+19,332.78917081018346
128468912192579.86,1e-24,167.1506178800973,5.785396996698455e+18,167.1506178800973
49142993944558.414,1e-24,195.51046590426816,2.8976555491375944e+18,195.51046590426816
15462493728818.64,1e-24,91.37068988284683,2.3434286184578227e+17,91.37068988284683
279400773628268.84,1e-24,200.65738864581922,1.7215041324627384e+19,200.65738864581922
26858264418353.305,1e-24,285.7094811816801,2.9469062389449626e+18,285.7094811816801
324398684913125.0,1e-24,136.136957549232,1.0170783757553836e+19,136.136957549232
450380691982241.2,1e-24,464.4773812162743,1.0029607006080573e+20,464.4773812162743
156599026577517.53,1e-24,337.784352905874,2.221082785802023e+19,337.784352905874
12739488193324.059,1e-24,473.3047466007342,2.9095009147885716e+18,473.3047466007342
60949404750526.38,1e-24,462.7111962672606,1.3507748479076192e+19,462.7111962672606
143864966692813.56,1e-24,12.263211433230529,4.456624002795339e+16,12.263211433230529
11942190608522.428,1e-24,343.4052147782618,1.7361596508902612e+18,343.4052147782618
133455362002137.61,1e-24,23.000894230976428,1.4294163677547731e+17,23.000894230976428
306845615775744.06,1e-24,427.55121516389903,6.108600549858046e+19,427.55121516389903
98363724528848.28,1e-24,238.22114577505494,8.063914225288882e+18,238.22114577505494
10255249190293.912,1e-24,395.4583591218636,1.830790680024787e+18,395.4583591218636
45859797582234.984,1e-24,440.5941736934444,9.514705483410123e+18,440.5941736934444
55734123437021.586,1e-24,286.8881762090457,6.154716336756169e+18,286.8881762090457
34728304150510.36,1e-24,88.68827316661016,4.979870194178915e+17,88.68827316661016
354662937472245.6,1e-24,253.329334634678,3.2128758074107593e+19,253.329334634678
118297576485623.75,1e-24,483.0538172060504,2.7748634806187266e+19,483.0538172060504
845589972951988.1,1e-24,429.26463963417774,1.6921160136734206e+20,429.26463963417774
23725675464016.48,1e-24,301.1936202077742,2.826297465524264e+18,301.1936202077742
570551497147565.6,1e-24,193.48732885997947,3.3047994410088575e+19,193.48732885997947
15929873676528.143,1e-24,407.3718220975617,2.9655344342786744e+18,407.3718220975617
91944785237882.36,1e-24,286.5524133759975,1.013469860155063e+19,286.5524133759975
921061422138068.6,1e-24,307.53360094209535,1.1326144393717142e+20,307.53360094209535
70787858049969.11,1e-24,191.29234024512692,4.021855669289547e+18,191.29234024512692
68428746623886.56,1e-24,68.01555075754769,5.963631083493172e+17,68.01555075754769
388598497276095.44,1e-24,420.48126051165013,7.559487165352693e+19,420.48126051165013
37050516716606.26,1e-24,158.86034302087262,1.5267068714086213e+18,158.86034302087262
560619903965533.9,1e-24,21.745474208698173,5.3778872552785235e+17,21.745474208698173
109879047880671.8,1e-24,237.2011001939355,8.94486813137026e+18,237.2011001939355
240023375570387.7,1e-24,90.0619330732327,3.541468285563749e+18,90.0619330732327
217100828889160.62,1e-24,194.59966385868944,1.2699398179931075e+19,194.59966385868944
172754574550244.44,1e-24,29.6465548376602,3.041391468628877e+17,29.6465548376602
83840603227219.17,1e-24,265.9029380513623,8.210111798145548e+18,265.9029380513623
26831985199769.36,1e-24,78.41559054776914,3.057278247005109e+17,78.41559054776914
23820375647316.367,1e-24,178.62912825104053,1.2034921665644954e+18,178.62912825104053
15617815881012.318,1e-24,474.1866999075062,3.575629174519859e+18,474.1866999075062
64563657203890.29,1e-24,406.395105228307,1.1978495458468512e+19,406.395105228307
888861808168473.0,1e-24,49.56028720134216,4.235652393135467e+18,49.56028720134216
201066137826111.38,1e-24,436.99045250319483,4.124746692392364e+19,436.99045250319483
185553379215054.75,1e-24,220.22279946513223,1.3362930994117493e+19,220.22279946513223
72803576596788.9,1e-24,27.590454143605864,1.113782839470192e+17,27.590454143605864
117273936323356.69,1e-24,496.83606842555525,2.853228415439597e+19,496.83606842555525
826827765133459.8,1e-24,29.795622132659958,1.4699414174644603e+18,29.795622132659958
257984733700726.78,1e-24,157.8647846814961,1.0513544126876455e+19,157.8647846814961
639702881262959.5,1e-24,32.10622539754648,1.3156131201856143e+18,32.10622539754648
744300317107584.0,1e-24,420.3631144560107,1.4470326374493938e+20,420.3631144560107
17179430566492.684,1e-24,39.3139252854766,5.236777740506707e+16,39.3139252854766
467105873940945.6,1e-24,86.32125877754389,6.368856389211794e+18,86.32125877754389
117434663031394.52,1e-24,458.71498036056767,2.5725438102330946e+19,458.71498036056767
136425711394693.88,1e-24,204.64431772168382,8.689867220826617e+18,204.64431772168382
77630451084096.44,1e-24,40.9274136448968,2.557993767326906e+17,40.9274136448968
865973580797840.8,1e-24,162.22055068973057,3.7008353487694684e+19,162.22055068973057
23918116854397.758,1e-24,150.1631779017937,8.926375483777295e+17,150.1631779017937
848684733126554.2,1e-24,56.20016620912343,5.145557070480617e+18,56.20016620912343
542757809451741.25,1e-24,356.8435082567094,8.349752419068477e+19,356.8435082567094
457128562931144.25,1e-24,488.1897947802692,1.0869018230348408e+20,488.1897947802692
483402966297503.44,1e-24,472.2573521261479,1.1004398280160005e+20,472.2573521261479
17941986004908.86,1e-24,399.93639693181535,3.254536631339461e+18,399.93639693181535
123410294349164.56,1e-24,276.3128415891317,1.2845323594264609e+19,276.3128415891317
627831573734129.0,1e-24,486.1838711368885,1.4846181782914177e+20,486.1838711368885
256848270712101.2,1e-24,246.63981084117412,2.228182500109747e+19,246.63981084117412
81810249246649.53,1e-24,199.30731403935908,4.983689762839251e+18,199.30731403935908
52868630315547.81,1e-24,201.8383524253714,3.290110769465494e+18,201.8383524253714
15118422239524.457,1e-24,47.94368177761473,6.7597884429840184e+16,47.94368177761473
362860494217103.75,1e-24,228.5757175309108,2.7792221511402447e+19,228.5757175309108
726723120022127.5,1e-24,309.9882942110367,9.046945880347963e+19,309.9882942110367
11758501106449.436,1e-24,87.18643724556495,1.6333762231746634e+17,87.18643724556495
25801181035865.414,1e-24,488.1106519509337,6.135254573447723e+18,488.1106519509337
27378424462051.168,1e-24,262.7202813811451,2.6299691283791273e+18,262.7202813811451
745339029033231.1,1e-24,488.8244376580351,1.7748052675836543e+20,488.8244376580351
29697566997277.8,1e-24,34.06764543751966,6.855199278633795e+16,34.06764543751966
20286338368357.52,1e-24,41.03095456425346,6.717302441617317e+16,41.03095456425346
24561137826245.996,1e-24,288.59916020483035,2.7376896621147863e+18,288.59916020483035
668186339467392.9,1e-24,273.2372530102266,6.831320821335247e+19,273.2372530102266
178640165905304.78,1e-24,108.91495328867515,3.741683619611615e+18,108.91495328867515
399178591427917.4,1e-24,312.7165651677358,5.037249593680881e+19,312.7165651677358
534901306157568.8,1e-24,474.93312243283424,1.2267373685015752e+20,474.93312243283424
49636545814258.766,1e-24,54.38373868236528,2.8264004658961523e+17,54.38373868236528
28304658266036.824,1e-24,224.54236718116024,2.1052579656509174e+18,224.54236718116024
778730713212210.4,1e-24,195.37181296297348,4.585312205177199e+19,195.37181296297348
347973705051923.4,1e-24,274.8335791636699,3.590989106946243e+19,274.8335791636699
23206921909024.24,1e-24,167.15971828719128,1.0452101233406438e+18,167.15971828719128
202480763633221.16,1e-24,339.6981633955978,2.8961394918848197e+19,339.6981633955978
74049050415027.42,1e-24,122.03634530443618,1.9074254155450097e+18,122.03634530443618
277852020349878.72,1e-24,92.74779039023024,4.329317134869148e+18,92.74779039023024
747032306175565.5,1e-24,102.07275372787358,1.389085882539824e+19,102.07275372787358
16391727501029.346,1e-24,253.8473741590356,1.4899930341413115e+18,253.8473741590356
109420626290712.02,1e-24,259.0145282413399,1.027389173405296e+19,259.0145282413399
74702472905904.44,1e-24,497.4592974865081,1.8204789796460063e+19,497.4592974865081
93877437252345.03,1e-24,244.1938245625172,8.013486042319872e+18,244.1938245625172
69748058868277.055,1e-24,42.74461980371682,2.4995983434881738e+17,42.74461980371682
153431051826258.94,1e-24,121.7042083893594,3.932742835893629e+18,121.7042083893594
188459467843333.38,1e-24,34.908396354753805,4.5614628541143814e+17,34.908396354753805
917855262986249.6,1e-24,239.81248871620937,7.605009875040384e+19,239.81248871620937
621599624127771.2,1e-24,243.02497488413803,5.263860415904902e+19,243.02497488413803
13202666014419.275,1e-24,412.8846375859654,2.5045430828210125e+18,412.8846375859654
197864307460000.75,1e-24,393.0609533112331,3.501561793578134e+19,393.0609533112331
71835600579101.28,1e-24,322.589004680856,9.506116387388498e+18,322.589004680856
515772292076155.25,1e-24,319.2220670072249,6.716023271174498e+19,319.2220670072249
49584652011527.695,1e-24,334.63950123943795,6.935141469835547e+18,334.63950123943795
220652258588315.88,1e-24,480.68761162824626,5.1422356438277595e+19,480.68761162824626
55185456963962.19,1e-24,218.29006608192427,3.9165674179851786e+18,218.29006608192427
420964935329061.44,1e-24,257.82353422394317,3.923001665962583e+19,257.82353422394317
297266648142905.8,1e-24,235.25763758226012,2.3873948573896196e+19,235.25763758226012
26976790771911.285,1e-24,375.1498829626953,4.46544450395136e+18,375.1498829626953
18294070077634.168,1e-24,107.30599513034096,3.728914805380697e+17,107.30599513034096
179328768291197.56,1e-24,376.1622020941142,2.9797641617828905e+19,376.1622020941142
615709385460760.8,1e-24,143.56738373378693,2.121957099243856e+19,143.56738373378693
16651314255356.518,1e-24,478.46286316608825,3.8575434127047567e+18,478.46286316608825
20363206999366.215,1e-24,106.85682130477336,4.118910431410511e+17,106.85682130477336
38252419257008.97,1e-24,269.4017634728809,3.8248182517193805e+18,269.4017634728809
582976612125061.4,1e-24,382.6675511376348,9.927004945413574e+19,382.6675511376348
260804516281383.34,1e-24,95.83847824944179,4.317882748496626e+18,95.83847824944179
51923655885863.0,1e-24,244.4184137824722,4.438958730190086e+18,244.4184137824722
19717502609349.516,1e-24,143.9805540420695,6.830862602175218e+17,143.9805540420695
41368179375923.37,1e-24,72.36533718122922,4.053024029118064e+17,72.36533718122922
126031580863164.66,1e-24,355.46381629685453,1.928234105210982e+19,355.46381629685453
13799497208445.387,1e-24,245.7503198639434,1.1902073670609382e+18,245.7503198639434
366794141592413.56,1e-24,376.51516318669894,6.102393155500849e+19,376.51516318669894
426723138395448.3,1e-24,229.63791025359745,3.2933798865321075e+19,229.63791025359745
437637134018770.2,1e-24,127.96900489499204,1.2280093296642972e+19,127.96900489499204
52677010829249.625,1e-24,96.41423244472264,8.818501101390323e+17,96.41423244472264
86093245284927.62,1e-24,202.1094109835672,5.369847765693216e+18,202.1094109835672
30328730558375.668,1e-24,378.37254752308297,5.082688369736078e+18,378.37254752308297
42432004087381.47,1e-24,143.6741217714595,1.4644442913955054e+18,143.6741217714595
18271771761986.387,1e-24,225.02263388295486,1.3638463890878802e+18,225.02263388295486
40357964843388.35,1e-24,190.94369225707462,2.285860561315543e+18,190.94369225707462
29647940148042.133,1e-24,383.94619001175124,5.074225739246219e+18,383.94619001175124
724447127441466.5,1e-24,253.98660786655495,6.589414345173554e+19,253.98660786655495
193195428946361.2,1e-24,434.91441553728595,3.937588441606755e+19,434.91441553728595
994624779219740.1,1e-24,310.62307751761773,1.2419560681734306e+20,310.62307751761773
601947940748706.2,1e-24,455.2180408122646,1.304770469479062e+20,455.2180408122646
382739227179714.44,1e-24,235.856381625824,3.086595298124633e+19,235.856381625824
14531418177410.139,1e-24,17.744722165665586,9342311755078890.0,17.744722165665586
90032905675362.62,1e-24,252.2141214319627,8.098846076249737e+18,252.2141214319627
65271677710310.516,1e-24,288.40200213276864,7.267570219197321e+18,288.40200213276864
127152647315741.2,1e-24,419.94039010601955,2.4694979584900272e+19,419.94039010601955
16493552474733.625,1e-24,120.33705639171727,4.142156126135076e+17,120.33705639171727
385487196383577.1,1e-24,425.44006493959074,7.621608062975504e+19,425.44006493959074
976446441950718.5,1e-24,437.7268880296712,2.006759001119637e+20,437.7268880296712
602279407024980.1,1e-24,164.03049188865336,2.6244033662715576e+19,164.03049188865336
63580401782785.0,1e-24,141.36170136207,2.1319541818573658e+18,141.36170136207
163154402220711.34,1e-24,470.0146235614488,3.691619301462106e+19,470.0146235614488
48896950297410.445,1e-24,282.9308731219106,5.283238844234871e+18,282.9308731219106
39138056955056.71,1e-24,93.20198714862667,6.153867725567579e+17,93.20198714862667
24568071063354.51,1e-24,38.39321882368367,7.1529176947602744e+16,38.39321882368367
791748129484226.5,1e-24,207.4110081687385,5.157518388540489e+19,207.4110081687385
465845370617903.0,1e-24,343.85144161794864,6.784127185966194e+19,343.85144161794864
24201502150830.098,1e-24,95.97650082375303,4.017589538014863e+17,95.97650082375303
420703769223011.4,1e-24,139.7087382035733,1.3813709040563345e+19,139.7087382035733
670764959888853.1,1e-24,78.62714829785041,7.681033077453178e+18,78.62714829785041
226682100826852.12,1e-24,409.0921992551576,4.244463354578378e+19,409.0921992551576
29546958135870.27,1e-24,145.34160809371735,1.0408400295967322e+18,145.34160809371735
849254334773335.6,1e-24,139.65282661961757,2.786307365662299e+19,139.65282661961757
72429268623073.77,1e-24,221.9326406887594,5.283717911709066e+18,221.9326406887594
32067824627272.754,1e-24,390.13763235417434,5.615447609362478e+18,390.13763235417434
349702459252253.94,1e-24,195.37582696965495,2.059409286267408e+19,195.37582696965495
468006173761522.7,1e-24,114.40671785551116,1.0722393727542893e+19,114.40671785551116
10200267268350.443,1e-24,289.8720074073131,1.1448231072873517e+18,289.8720074073131
973095680824710.8,1e-24,28.935711815173455,1.633810907999941e+18,28.935711815173455
26061304311729.55,1e-24,264.26817481867124,2.5270890673364833e+18,264.26817481867124
416755627520057.2,1e-24,53.63058248677608,2.310533850154418e+18,53.63058248677608
61726166719853.3,1e-24,376.0671423086443,1.025343366298068e+19,376.0671423086443
55346022691836.414,1e-24,102.5298460330631,1.0377242941132982e+18,102.5298460330631
24603203272880.035,1e-24,210.92390558834717,1.6488302768756078e+18,210.92390558834717
90956585707791.72,1e-24,432.28906472984687,1.8386224248967782e+19,432.28906472984687
192532848910758.94,1e-24,348.2969577125957,2.858250636382437e+19,348.2969577125957
924643546917057.0,1e-24,211.80328574747713,6.2384543600363086e+19,211.80328574747713
64077979106550.47,1e-24,462.440014185648,1.4189986536249221e+19,462.440014185648
31027813618573.246,1e-24,367.60947068840466,4.986830327054208e+18,367.60947068840466
322958170668984.06,1e-24,57.91611874826711,2.0738739095627748e+18,57.91611874826711
86389868191995.6,1e-24,108.27561094756147,1.7901122018341663e+18,108.27561094756147
23482836028453.42,1e-24,237.27577412680932,1.912692610789331e+18,237.27577412680932
37919221721321.37,1e-24,400.06961933667674,6.881413805744528e+18,400.06961933667674
653446118805658.8,1e-24,403.3330965912992,1.1991031528035574e+20,403.3330965912992
34045659022552.152,1e-24,144.3258529074181,1.184487312009283e+18,144.3258529074181
32318909632995.586,1e-24,76.16866706755567,3.486874034575305e+17,76.16866706755567
771963446159535.0,1e-24,207.003421096964,5.012067680650579e+19,207.003421096964
28143554604540.32,1e-24,424.86881474903936,5.555246612332534e+18,424.86881474903936
62862348984473.055,1e-24,27.207237443736624,9.357441907546253e+16,27.207237443736624
21080608388257.9,1e-24,323.2326667745233,2.7981409078919634e+18,323.2326667745233
367968420291908.7,1e-24,113.35785035946934,8.290381903787581e+18,113.35785035946934
683582881638508.8,1e-24,426.98858882556056,1.358081626616438e+20,426.98858882556056
497463828768378.94,1e-24,121.55396193161492,1.272185730483525e+19,121.55396193161492
12620366794671.775,1e-24,435.037534346466,2.5734880711522775e+18,435.037534346466
40888432097804.92,1e-24,313.26902677502767,5.174473711581448e+18,313.26902677502767
331080625786067.06,1e-24,72.86369667044889,3.2858847297169884e+18,72.86369667044889
364482523319209.5,1e-24,469.87061489092224,8.242509481746961e+19,469.87061489092224
286252923944485.4,1e-24,226.19914675547346,2.154996939075963e+19,226.19914675547346
566703999275710.2,1e-24,268.4542387355539,5.633644808116716e+19,268.4542387355539
308703714812679.9,1e-24,412.047912490716,5.838523548359583e+19,412.047912490716
315286752609587.56,1e-24,151.04888926359544,1.1888781092352213e+19,151.04888926359544
17206312323513.395,1e-24,126.78587938740947,4.7483578034038886e+17,126.78587938740947
101332760529893.22,1e-24,257.585691923617,9.430298106589286e+18,257.585691923617
146314948449072.25,1e-24,203.59990039846653,9.239725896824205e+18,203.59990039846653
374785485062060.44,1e-24,457.44533767013183,8.178325957810607e+19,457.44533767013183
31149430215035.707,1e-24,370.89637667392515,5.071611938285605e+18,370.89637667392515
226957064239868.38,1e-24,266.3143446468643,2.227860923651435e+19,266.3143446468643
23826511878791.824,1e-24,399.6638067055277,4.3177649710176046e+18,399.6638067055277
834166166940224.0,1e-24,363.6998027944706,1.3193936409761661e+20,363.6998027944706
685046407653040.6,1e-24,492.2507798245199,1.6461586700576424e+20,492.2507798245199
50594271678877.17,1e-24,322.72954093390507,6.699707542219345e+18,322.72954093390507
88688125391723.05,1e-24,493.44808596298276,2.138793871197918e+19,493.44808596298276
15403366467676.068,1e-24,212.06370800564005,1.0416478102878889e+18,212.06370800564005
563739010760634.4,1e-24,149.18514215799257,2.0795484614929998e+19,149.18514215799257
376344610710430.25,1e-24,197.5637497623253,2.2585645002974732e+19,197.5637497623253
911920712096557.1,1e-24,442.92961984761666,1.904602068474935e+20,442.92961984761666
40053522432995.33,1e-24,387.394625633549,6.943469233975367e+18,387.394625633549
47175128049889.47,1e-24,307.1177917056122,5.791094729998398e+18,307.1177917056122
207472976124619.1,1e-24,416.5017504519954,3.9834682050997805e+19,416.5017504519954
11191844869692.709,1e-24,117.87736666462683,2.707423634097019e+17,117.87736666462683
265360099391055.1,1e-24,286.1263861150733,2.9179467432156512e+19,286.1263861150733
97996407824844.88,1e-24,37.052878786910426,2.6631076558502563e+17,37.052878786910426
49722363812951.07,1e-24,433.8991136362177,1.0102623791384728e+19,433.8991136362177
11528841648222.102,1e-24,204.25375532875793,7.320134369976961e+17,204.25375532875793
776777389029661.1,1e-24,34.931559927057165,1.882486728695521e+18,34.931559927057165
315799546557972.0,1e-24,136.23018192919787,9.913309123123528e+18,136.23018192919787
541025411851331.56,1e-24,375.5733096900889,8.967760398803825e+19,375.5733096900889
590758993256233.1,1e-24,115.80314731132034,1.3836474942723465e+19,115.80314731132034
115500937581328.95,1e-24,391.84227235165235,2.0350716032899195e+19,391.84227235165235
31002697726659.94,1e-24,123.06568958093631,8.108184064131707e+17,123.06568958093631
11333505689944.295,1e-24,479.6724940479716,2.634313004369974e+18,479.6724940479716
263047246510406.66,1e-24,321.4245734649906,3.461595152489037e+19,321.4245734649906
307602205761370.44,1e-24,270.49033016076527,3.095174622589054e+19,270.49033016076527
89591672106405.03,1e-24,230.27079815052522,6.946679334033691e+18,230.27079815052522
190931869173002.6,1e-24,108.75213794226777,3.988207215173362e+18,108.75213794226777
597196687352122.1,1e-24,407.75866189743994,1.1128632150374869e+20,407.75866189743994
50018103733217.195,1e-24,293.51855543813696,5.724251177992689e+18,293.51855543813696
19144966021579.76,1e-24,486.44966148746306,4.532333800321641e+18,486.44966148746306
639418761927272.2,1e-24,461.7297781846082,1.41254577530953e+20,461.7297781846082
46166409066878.91,1e-24,92.87600661759932,7.211994239902856e+17,92.87600661759932
26518217414515.562,1e-24,54.100681612094036,1.4949985551556163e+17,54.100681612094036
17386864124803.86,1e-24,44.93922175057424,6.863146707440203e+16,44.93922175057424
954214778399105.9,1e-24,46.28826485084606,3.987296412796916e+18,46.28826485084606
18411287591368.234,1e-24,415.35475183946085,3.5217949956791736e+18,415.35475183946085
144703965733288.3,1e-24,389.46443023897285,2.527541446381555e+19,389.46443023897285
182735958493772.1,1e-24,442.2657844611845,3.8105389327069225e+19,442.2657844611845
189206065841662.2,1e-24,265.84129552254393,1.852050173807247e+19,265.84129552254393
266378634007619.03,1e-24,229.22244837813363,2.049837723169797e+19,229.22244837813363
49218417490272.46,1e-24,239.1497017006041,4.060769537433454e+18,239.1497017006041
21848831239668.363,1e-24,400.3201476033188,3.9685756912308593e+18,400.3201476033188
33220606934663.56,1e-24,85.23045770515326,4.423630750316665e+17,85.23045770515326
31095996845484.195,1e-24,422.6143743683975,6.093026780137592e+18,422.6143743683975
45751210704392.2,1e-24,346.16443605789107,6.730859120426464e+18,346.16443605789107
516201498942918.75,1e-24,48.09488679327064,2.322004941907997e+18,48.09488679327064
338882240973474.0,1e-24,160.75607852572472,1.4256236277030445e+19,160.75607852572472
27117192766442.676,1e-24,347.56171170195637,4.013410384162132e+18,347.56171170195637
660074940850553.0,1e-24,154.55941226907373,2.5916255524851065e+19,154.55941226907373
137299074815049.52,1e-24,152.01871578625085,5.236195433999748e+18,152.01871578625085
128401817598128.83,1e-24,314.71239502062684,1.636341267859494e+19,314.71239502062684
166215215721884.3,1e-24,315.5377211249455,2.1266900122048356e+19,315.5377211249455
18627714988630.14,1e-24,349.83483009749256,2.783722486071793e+18,349.83483009749256
223614886866820.53,1e-24,344.46817988627276,3.265582766079789e+19,344.46817988627276
14065044335540.283,1e-24,228.9510327829348,1.0803030953625847e+18,228.9510327829348
65776424779965.82,1e-24,52.48862698516758,3.499521377721453e+17,52.48862698516758
27844271245261.176,1e-24,226.07168958103802,2.0944074103072748e+18,226.07168958103802
306064260682354.44,1e-24,126.16041772248496,8.371034914859002e+18,126.16041772248496
456562061235690.44,1e-24,277.4411600123371,4.782311811510306e+19,277.4411600123371
331774780385511.6,1e-24,241.55243183506,2.7821127012015346e+19,241.55243183506
99629614718495.58,1e-24,313.6625007960237,1.2632154649008933e+19,313.6625007960237
717697141231842.2,1e-24,250.98816489232587,6.403992525697279e+19,250.98816489232587
114107732730040.3,1e-24,304.97851212848946,1.385717036855595e+19,304.97851212848946
298559073669316.44,1e-24,45.206664388254815,1.1920474405962565e+18,45.206664388254815
107491686550574.73,1e-24,245.97987871096132,9.284958627642677e+18,245.97987871096132
697220211864356.8,1e-24,251.81822441380714,6.254622271138906e+19,251.81822441380714
86425334555857.86,1e-24,481.477994382004,2.018644360643595e+19,481.477994382004
79643974969884.84,1e-24,98.63337085782426,1.390487926481812e+18,98.63337085782426
27153901958523.055,1e-24,56.641893785117325,1.6712331704993338e+17,56.641893785117325
10026197575082.852,1e-24,221.65337389023614,7.298977691057682e+17,221.65337389023614
345529524572747.06,1e-24,369.39855697191956,5.591872523147819e+19,369.39855697191956
11595732165538.785,1e-24,289.29162276107616,1.29737064941897e+18,289.29162276107616
20350086090056.227,1e-24,471.1273795347017,4.619395443793707e+18,471.1273795347017
21613743803262.348,1e-24,317.05321667176594,2.7859044170535173e+18,317.05321667176594
44923824745382.78,1e-24,324.3650497225326,5.994610222126788e+18,324.3650497225326
66760132956281.8,1e-24,382.2250956301334,1.135225184223079e+19,382.2250956301334
28930653955450.664,1e-24,453.83800792798746,6.247761482115527e+18,453.83800792798746
100096593698429.19,1e-24,380.4856423792979,1.690936772322638e+19,380.4856423792979
500564887931609.4,1e-24,499.4260193678544,1.2257001191755026e+20,499.4260193678544
28047317524445.41,1e-24,150.57728264609287,1.0518418685603976e+18,150.57728264609287
31685909208455.336,1e-24,138.8069527582935,1.028533071409804e+18,138.8069527582935
146180513482195.47,1e-24,496.82603634146307,3.556346999631834e+19,496.82603634146307
956216369632863.1,1e-24,268.11888336753077,9.485583618861452e+19,268.11888336753077
189694360833807.16,1e-24,431.38556641378693,3.8233110973593035e+19,431.38556641378693
734288821775472.2,1e-24,109.89170739147652,1.563175465636928e+19,109.89170739147652
114046892914309.8,1e-24,418.090156784141,2.2014393746104144e+19,418.090156784141
40402119911256.445,1e-24,225.50643081542867,3.0264224043981164e+18,225.50643081542867
935927488904785.5,1e-24,492.67288139322676,2.2511169326535662e+20,492.67288139322676
648953563470060.2,1e-24,401.2396889657482,1.1821545740423116e+20,401.2396889657482
34535122548418.555,1e-24,167.21653629292186,1.5563341187619118e+18,167.21653629292186
124327065305644.17,1e-24,284.78091353538593,1.3571228960666012e+19,284.78091353538593
102566524301180.78,1e-24,321.96843715898996,1.3532990287450587e+19,321.96843715898996
65561071862340.15,1e-24,377.0953370846111,1.093347348746146e+19,377.0953370846111
46462208882094.92,1e-24,172.03172850371274,2.199632914816209e+18,172.03172850371274
17966021860591.74,1e-24,102.46898291417043,3.364926198101323e+17,102.46898291417043
502390892579911.25,1e-24,228.67834590441635,3.850603023434948e+19,228.67834590441635
28558511848654.176,1e-24,382.07713901096986,4.853640178912678e+18,382.07713901096986
128221912883168.3,1e-24,20.366445597413808,1.0813511510399053e+17,20.366445597413808
42926246454213.33,1e-24,96.73069144945711,7.229796565053846e+17,96.73069144945711
204996158141768.62,1e-24,144.7652099088239,7.170387369382908e+18,144.7652099088239
13486323047179.191,1e-24,36.91814470685794,3.6391788982947304e+16,36.91814470685794
145698337387122.3,1e-24,20.644493295003915,1.2619511754409523e+17,20.644493295003915
498407106754682.5,1e-24,86.14458843606505,6.769724763245074e+18,86.14458843606505
163355089675377.12,1e-24,227.89713372526538,1.245120004961035e+19,227.89713372526538
76860471172764.8,1e-24,45.180599756422474,3.065411594305179e+17,45.180599756422474
403185124472103.4,1e-24,447.5957175290938,8.543925699999334e+19,447.5957175290938
10520426214559.59,1e-24,97.51604609158768,1.7985504540556822e+17,97.51604609158768
642404208756605.4,1e-24,279.2518702720285,6.7979314905749406e+19,279.2518702720285
19956260137377.926,1e-24,109.36732177848783,4.211792553593791e+17,109.36732177848783
208916378308960.66,1e-24,365.1602429009678,3.3248596382886543e+19,365.1602429009678
158071515528530.88,1e-24,477.0427061571376,3.647347467389573e+19,477.0427061571376
97303218870264.67,1e-24,157.13323694983808,3.9333001825111153e+18,157.13323694983808
90046289130817.22,1e-24,186.23648389663936,4.887216070597255e+18,186.23648389663936
28108119118343.53,1e-24,32.52199217666863,5.927588650454537e+16,32.52199217666863
50631988861957.43,1e-24,358.59058037777373,7.847213093604676e+18,358.59058037777373
10886182375534.822,1e-24,225.197471470908,8.136161972529106e+17,225.197471470908
194096991060287.75,1e-24,309.09801349541056,2.4061969562230534e+19,309.09801349541056
357517143540248.2,1e-24,407.1546606733008,6.649321400846613e+19,407.1546606733008
265101168401984.66,1e-24,60.37087111092722,1.842489019685252e+18,60.37087111092722
89134306121871.64,1e-24,305.6689191689282,1.0862317627939066e+19,305.6689191689282
30983614294918.758,1e-24,30.85039064692049,5.8953627261096344e+16,30.85039064692049
28001457784943.863,1e-24,232.89825684899304,2.2121112820449787e+18,232.89825684899304
67276073769227.086,1e-24,96.5668208503092,1.1295418435735007e+18,96.5668208503092
445482948419297.75,1e-24,463.58646768099504,9.895251922269136e+19,463.58646768099504
25275318567801.594,1e-24,465.4907286279386,5.646547718104622e+18,465.4907286279386
10857302007191.986,1e-24,463.23161162640326,2.4099079889443743e+18,463.23161162640326
801415209158650.5,1e-24,15.905412877803348,4.151789079975295e+17,15.905412877803348
335767450871919.75,1e-24,485.3987705592233,7.924730417695108e+19,485.3987705592233
648342419872764.2,1e-24,485.6479789861444,1.5308953815650812e+20,485.6479789861444
126080235514090.81,1e-24,48.296508543840254,5.717346336079096e+17,48.296508543840254
500700927179410.9,1e-24,310.7758453464157,6.258110751480768e+19,310.7758453464157
169618605496578.12,1e-24,214.45426883075623,1.1686939165288536e+19,214.45426883075623
139214333669892.6,1e-24,85.25409175219612,1.8547054033133023e+18,85.25409175219612
301675508281906.44,1e-24,46.758480602255744,1.2854072360692685e+18,46.758480602255744
288112123964388.6,1e-24,425.99942708617846,5.707043337401491e+19,425.99942708617846
88092179514994.52,1e-24,259.8168793679542,8.312530406758342e+18,259.8168793679542
42114199086758.18,1e-24,485.0347060255379,9.932052192387197e+18,485.0347060255379
292582906007909.56,1e-24,190.80439111716905,1.6550151282941952e+19,190.80439111716905
22367362304420.113,1e-24,117.59400017902476,5.387306118685784e+17,117.59400017902476
84692425782460.52,1e-24,471.85851615402555,1.9263478343408808e+19,471.85851615402555
293963013982527.2,1e-24,115.46943660778341,6.849330010395652e+18,115.46943660778341
523747866462914.0,1e-24,195.31825627474373,3.0826891136412172e+19,195.31825627474373
505177925906844.94,1e-24,128.43280301075416,1.426767681796029e+19,128.43280301075416
172711487207463.1,1e-24,464.06853915982816,3.842350002871257e+19,464.06853915982816
32793518693822.918,1e-24,349.5340293870689,4.894386426799785e+18,349.5340293870689
943246581504120.6,1e-24,83.79316074907172,1.2166694756821697e+19,83.79316074907172
15024657525263.795,1e-24,340.35564429795994,2.155423554040986e+18,340.35564429795994
47804842919667.2,1e-24,44.90979390962965,1.8846238056751126e+17,44.90979390962965
89250618776368.44,1e-24,379.3476330255383,1.5012337423701322e+19,379.3476330255383
37174471315675.71,1e-24,174.17296997751603,1.7980298409016684e+18,174.17296997751603
491358871086449.0,1e-24,264.8352370081292,4.780132276200833e+19,264.8352370081292
227965669021.28296,1e-24,5785.682748807177,1.6970130831076746e+17,5785.682748807177
860075021601.445,1e-24,3560.3343539124767,6.384582664855212e+17,3560.3343539124767
512665761204.0191,1e-24,7029.680710747969,3.8163572851201075e+17,6001.87287031392
6460807006066.016,1e-24,1964.9373644583818,4.522704134309229e+18,1964.9373644583818
2021012281014.8806,1e-24,2963.980858357002,1.4908627607554284e+18,2963.980858357002
8588620897417.0,1e-24,8097.962326037918,6.392559617680546e+18,5769.9128860835535
1869566736380.2495,1e-24,6717.567121873255,1.3916974311447404e+18,5954.848486727568
1072276720707.6547,1e-24,7321.894834182208,7.982098807434578e+17,5981.898746454349
788425464098.2838,1e-24,3298.590864371673,5.841526499876502e+17,3298.590864371673
359582173428.24713,1e-24,2369.5110495265126,2.601632407272747e+17,2369.5110495265126
1126245738944.154,1e-24,4059.3336212534036,8.375453034742141e+17,4059.3336212534036
2120120658182.989,1e-24,606.0623843498223,6.582535168156927e+17,606.0623843498223
785965268892.0322,1e-24,3516.3934173535526,5.832945365285727e+17,3516.3934173535526
245920653562.85632,1e-24,5413.592094509996,1.8306288601045574e+17,5413.592094509996
742379338941.2404,1e-24,2977.9298209349377,5.4777751756019603e+17,2977.9298209349377
262320380163.74948,1e-24,7724.394712407403,1.952759504677181e+17,6011.009739530582
3934810608286.17,1e-24,5511.421929417927,2.928912229755692e+18,5511.421929417927
490005339218.94165,1e-24,8320.731473491895,3.647671391709289e+17,6002.421130954217
1338918633573.8967,1e-24,4074.620229260804,9.957313142128003e+17,4074.620229260804
6322637714409.668,1e-24,3137.7633002293833,4.676096463466483e+18,3137.7633002293833
2465977128491.544,1e-24,3092.155903187177,1.8227468158902897e+18,3092.155903187177
333507673694.4124,1e-24,6288.9457472770655,2.4826870844037654e+17,6008.440066569794
285616787396.47406,1e-24,4573.091267855116,2.1254981518256426e+17,4573.091267855116
1445627249846.1218,1e-24,2060.366572871827,1.0223443144446111e+18,2060.366572871827
2900551530719.714,1e-24,5030.470113799446,2.1589247614463785e+18,5030.470113799446
1749870451823.1138,1e-24,3573.912056741815,1.2990653511157194e+18,3573.912056741815
692446301016.9553,1e-24,4587.293139594884,5.153061796576917e+17,4587.293139594884
870845986920.6533,1e-24,6080.779980737887,6.482659204552157e+17,5989.156787481886
1426771520260.3757,1e-24,3938.3955111177715,1.0607232396833023e+18,3938.3955111177715
100833468261.5282,1e-24,7058.696562005665,7.506244973576219e+16,6017.234098393522
1093371937032.5818,1e-24,3197.2589230810904,8.092465059680847e+17,3197.2589230810904
999791741048.919,1e-24,1271.863410665545,5.917149457629213e+17,1271.863410665545
6447735899895.34,1e-24,8675.220744248,4.799269260582734e+18,5822.039603413586
131060064180.6471,1e-24,3458.9898655648103,9.722911372079926e+16,3458.9898655648103
2884884468531.561,1e-24,3095.606963859711,2.1324794879769682e+18,3095.606963859711
1361754909438.5654,1e-24,3940.876148722147,1.0123945803701768e+18,3940.876148722147
3535277759111.347,1e-24,8416.91595196292,2.631565556280358e+18,5902.334954513366
5981222580951.191,1e-24,5628.926942552409,4.452049938745084e+18,5628.926942552409
209193634356.4961,1e-24,8322.732808154335,1.5572761068896803e+17,6012.7430301460345
111497424002.2175,1e-24,2959.0801100363155,8.224361943473723e+16,2959.0801100363155
365785684328.0834,1e-24,6049.282609029541,2.7229683836879123e+17,6007.338119974333
943464676600.0186,1e-24,1267.2594127365142,5.5724291424929376e+17,1267.2594127365142
106100092525.55429,1e-24,5491.648068350249,7.898150485102098e+16,5491.648068350249
961537382196.3274,1e-24,5467.416322271713,7.157620916195596e+17,5467.416322271713
1342910791248.5215,1e-24,7855.192234555357,9.996666875224433e+17,5972.438978789872
6867407166466.833,1e-24,2055.004150705535,4.853945531162114e+18,2055.004150705535
7660212136088.562,1e-24,7006.621933426192,5.701633456278785e+18,5791.59268822041
1896932447973.6294,1e-24,5948.3560294752415,1.4120676384538437e+18,5948.3560294752415
1236288739975.9023,1e-24,8076.594855049864,9.20298730265312e+17,5976.540189092502
292769734674.1172,1e-24,5450.350096146738,2.1793792195489645e+17,5450.350096146738
4250943272672.4277,1e-24,1613.1295903905334,2.8073909286705725e+18,1613.1295903905334
1702220957600.921,1e-24,3827.4045078742806,1.2650778380368548e+18,3827.4045078742806
3404645641854.948,1e-24,1059.3206187256653,1.7930341052829407e+18,1059.3206187256653
1635415672090.3955,1e-24,7579.469979289703,1.2174016204165317e+18,5962.913911301986
1805905814807.317,1e-24,3154.2493644460815,1.3359359165071483e+18,3154.2493644460815
2049233543049.167,1e-24,3293.1424809994487,1.5182043058352527e+18,3293.1424809994487
2173626440128.9033,1e-24,1560.124755911362,1.417440440481332e+18,1560.124755911362
363064016959.7119,1e-24,770.253803906521,1.4578148800564474e+17,770.253803906521
147169798079.81174,1e-24,5082.397059684344,1.0954678749047549e+17,5082.397059684344
290667323151.06006,1e-24,4762.842173887665,2.163340985884329e+17,4762.842173887665
2085155301448.5693,1e-24,7778.597841427064,1.5521744973859843e+18,5947.912437050936
513005089933.7596,1e-24,3132.288262784035,3.794001163325036e+17,3132.288262784035
423968088882.2272,1e-24,1473.4380637715049,2.699986411118503e+17,1473.4380637715049
2120147451231.033,1e-24,7270.346842671358,1.5782213885866132e+18,5946.570775777866
883098706659.5573,1e-24,5111.5364987950015,6.573375009224643e+17,5111.5364987950015
8259604817555.901,1e-24,6273.039317849556,6.147706851312827e+18,5777.436171529686
3090786653748.026,1e-24,7847.256431335405,2.3007169393044874e+18,5916.1794603334065
270135049291.9922,1e-24,5870.371641728904,2.010930877615526e+17,5870.371641728904
2721374388726.372,1e-24,7456.802699516323,2.025747813093803e+18,5927.5590763606315
487046860484.4633,1e-24,6189.444269189774,3.625648242070977e+17,6002.923247143385
1617337317062.7126,1e-24,3881.3221393752156,1.202199920600713e+18,3881.3221393752156
159724454095.06104,1e-24,3416.18006304874,1.184581047734837e+17,3416.18006304874
8452176018495.657,1e-24,2288.4841233217157,6.085986153936291e+18,2288.4841233217157
168762470181.5839,1e-24,3537.032048327684,1.2526126111875309e+17,3537.032048327684
159206752328.59244,1e-24,2707.063176967602,1.167618396303401e+17,2707.063176967602
6743903228314.007,1e-24,3133.139992740487,4.987346102992209e+18,3133.139992740487
1485177780532.7646,1e-24,2472.0318791238997,1.0799992495349158e+18,2472.0318791238997
2167500372661.2434,1e-24,1554.4417621119296,1.4114175588018652e+18,1554.4417621119296
3798551131631.667,1e-24,3993.5343298133566,2.824328129814297e+18,3993.5343298133566
232981045873.62988,1e-24,6763.141412256536,1.7343532318226243e+17,6011.931758758343
1283998521856.7979,1e-24,4119.077785333804,9.54972576657188e+17,4119.077785333804
302866921378.269,1e-24,6954.082277788369,2.254593464329397e+17,6009.654942642365
537736787245.8518,1e-24,855.9291046417604,2.3840815787992234e+17,855.9291046417604
8525847776243.905,1e-24,751.6393151116331,3.341341638531155e+18,751.6393151116331
174155836977.61038,1e-24,4347.6115060218335,1.295749803822186e+17,4347.6115060218335
260441192545.27768,1e-24,3268.215410461148,1.929083675179568e+17,3268.215410461148
1364991403606.9238,1e-24,8411.774525658953,1.0161031464424306e+18,5971.6364523779275
7458019459731.192,1e-24,1110.380760481643,4.058626577204535e+18,1110.380760481643
5088929790996.554,1e-24,1886.223391392345,3.527328390633512e+18,1886.223391392345
4196284584305.5566,1e-24,2947.828019426126,3.094574488299646e+18,2947.828019426126
2726892369901.814,1e-24,6437.231873527371,2.0298551069618877e+18,5927.3691182936545
5024602024096.205,1e-24,8591.709511513336,3.7400777335871923e+18,5859.936549288715
355599736303.31915,1e-24,5689.827868650471,2.6471267508078198e+17,5689.827868650471
3009683670956.189,1e-24,1157.7383283745116,1.6835357944278374e+18,1157.7383283745116
2117980769616.772,1e-24,3155.718156446128,1.566820407633554e+18,3155.718156446128
210347775639.9391,1e-24,5038.63506771511,1.565717461506496e+17,5038.63506771511
839009217852.6299,1e-24,5266.679420248824,6.245386934571313e+17,5266.679420248824
1922359193038.554,1e-24,4619.004794738625,1.430593941087594e+18,4619.004794738625
6461011435774.268,1e-24,1969.5712787096966,4.5252793102656113e+18,1969.5712787096966
378079394907.14716,1e-24,3442.3907561475025,2.8045157620908083e+17,3442.3907561475025
3538044294690.533,1e-24,5886.330445312784,2.633624717423135e+18,5886.330445312784
258729026067.88928,1e-24,6649.090016305747,1.9260249551508234e+17,6011.178119948392
3491992516137.3667,1e-24,6862.194505628455,2.5993472301276877e+18,5903.710774093578
143464923626.87598,1e-24,2252.2693693008814,1.030615912491706e+17,2252.2693693008814
6176879923519.297,1e-24,7764.10881454033,4.597684203488171e+18,5828.646259865599
257718211993.20377,1e-24,5054.3629376795525,1.9183248325780173e+17,5054.3629376795525
335248045208.9501,1e-24,3938.512213136241,2.4924089748218435e+17,3938.512213136241
110125949875.31784,1e-24,2827.3395554455697,8.101590568203787e+16,2827.3395554455697
347825591389.76044,1e-24,8092.017855264132,2.5892713800396966e+17,6007.914583386983
1499477126552.572,1e-24,1966.2862357451465,1.0498537897783621e+18,1966.2862357451465
716355595461.7769,1e-24,4571.652699689021,5.330926347445201e+17,4571.652699689021
1882433302788.079,1e-24,4898.019239747443,1.4010847474188585e+18,4898.019239747443
695000302625.5463,1e-24,3067.150277264014,5.135408573919344e+17,3067.150277264014
1412532479221.0728,1e-24,8560.372432920223,1.051491926669688e+18,5970.401761502663
1276360559742.0444,1e-24,7826.720331894351,9.501276664346564e+17,5974.794839668666
107286445042.14046,1e-24,2177.584547317952,7.665397184646733e+16,2177.584547317952
5364572189945.834,1e-24,5203.846129176794,3.992934932757817e+18,5203.846129176794
944312350346.3074,1e-24,3546.3234245077747,7.009335171668841e+17,3546.3234245077747
389521227840.04987,1e-24,6107.134119532318,2.8996583712979296e+17,6006.563272974249
538852305602.3001,1e-24,4095.0386831786395,4.007556921299556e+17,4095.0386831786395
3578456967544.3574,1e-24,8315.471353021767,2.663704908260264e+18,5901.051875562617
9712090333259.01,1e-24,4505.399857678918,7.226233240123079e+18,4505.399857678918
188946117261.198,1e-24,705.8689561139696,6.9431241697204664e+16,705.8689561139696
975692387247.7578,1e-24,1130.6922296688101,5.374491807266322e+17,1130.6922296688101
171959447966.49408,1e-24,2439.7707965861605,1.2486118528477445e+17,2439.7707965861605
9637961872007.123,1e-24,1840.0078851198741,6.636837052796066e+18,1840.0078851198741
166059653680.93976,1e-24,8065.530377179622,1.236179766081677e+17,6014.598124458568
1754441371270.0688,1e-24,6611.579801417931,1.3060013642435318e+18,5958.752967235655
512231823218.21735,1e-24,8213.456524250745,3.813127019305523e+17,6001.699013653455
8957777988901.762,1e-24,5112.84409668521,6.666929793729721e+18,5112.84409668521
9411949021504.557,1e-24,4677.861354282933,7.003790878043522e+18,4677.861354282933
757670063609.8864,1e-24,6987.684852058786,5.6401788068532294e+17,5993.038064996615
1943097953699.972,1e-24,2156.380746203527,1.3859490978844096e+18,2156.380746203527
1071218481981.0667,1e-24,635.9551353583631,3.514092373193372e+17,635.9551353583631
5640515895782.283,1e-24,4980.603019982025,4.1980901608112056e+18,4980.603019982025
123701227984.36655,1e-24,8245.888729444025,9.208562821710104e+16,6016.051761204477
9974059073819.316,1e-24,6590.142812872772,7.423567931026374e+18,5738.63959456839
728863960021.5342,1e-24,5385.12326960745,5.42558969574228e+17,5385.12326960745
104824740047.87457,1e-24,1395.7914080850178,6.5116246743001224e+16,1395.7914080850178
459196474767.2307,1e-24,3897.0793669160357,3.4135042050188154e+17,3897.0793669160357
3250101385106.0034,1e-24,1910.2279546189804,2.259943815104117e+18,1910.2279546189804
170690502169.30548,1e-24,6261.052089129359,1.2706525771370522e+17,6014.350190024389
5971223844060.547,1e-24,7766.051503977958,4.444623005544436e+18,5834.246839577548
3046713803151.399,1e-24,8624.265898699381,2.2679118509405706e+18,5917.215838623597
1107091945403.7756,1e-24,6897.11206477746,8.24126035127456e+17,5980.654677944906
682895815574.1726,1e-24,3417.8917566930177,5.0646708387036915e+17,3417.8917566930177
6631981002726.865,1e-24,4057.6398509320707,4.931616389125408e+18,4057.6398509320707
3111295977145.214,1e-24,4605.4068056854485,2.3153257181487754e+18,4605.4068056854485
167658561617.58798,1e-24,1547.996403508188,1.0899567710773291e+17,1547.996403508188
1047718620707.8601,1e-24,6345.419436657058,7.799290219797844e+17,5982.8603022337575
3054693781884.567,1e-24,3272.857910630591,2.26265453900881e+18,3272.857910630591
104332906663.75539,1e-24,4905.524080586403,7.765663789439856e+16,4905.524080586403
239405318470.7034,1e-24,3144.1909316948677,1.770826084647962e+17,3144.1909316948677
1357993552229.154,1e-24,3736.540351287189,1.0089186100022596e+18,3736.540351287189
827947527755.8516,1e-24,916.790915522392,3.896361095688273e+17,916.790915522392
232290070958.51785,1e-24,7454.057521790902,1.7292095119581574e+17,6012.3466830206235
1056239349599.597,1e-24,7811.072251767733,7.862717882036472e+17,5982.638711134589
5183237923252.437,1e-24,2095.583999270927,3.6776865473811195e+18,2095.583999270927
629786401271.9558,1e-24,4842.9287586572445,4.687446235064707e+17,4842.9287586572445
156686002907.53244,1e-24,1205.0418958607622,8.986125881770746e+16,1205.0418958607622
4819170318149.601,1e-24,7328.654502511814,3.5871772944691615e+18,5865.268927805308
584222586135.6934,1e-24,6336.389475078368,4.349030769153239e+17,5999.271080444557
1086089717211.0533,1e-24,6675.618073212965,8.084921607252187e+17,5981.307506227684
426942994331.15155,1e-24,4415.53919586339,3.1767624559515437e+17,4415.53919586339
6108179181608.55,1e-24,7245.480022570142,4.5465532448868465e+18,5830.584963825696
416799510628.04694,1e-24,7783.429127807051,3.1027207066694554e+17,6005.575391433496
627245384302.867,1e-24,6136.458344414723,4.6692944941703264e+17,5997.765139617297
2648624488547.069,1e-24,3817.917843320584,1.968354891097279e+18,3817.917843320584
4510106392654.655,1e-24,4343.805183045468,3.355399774638431e+18,4343.805183045468
8344041268138.754,1e-24,8237.133201018787,6.210544469970009e+18,5775.713705921367
6317277200464.71,1e-24,8002.999588308706,4.702175374034025e+18,5825.505000677009
196830748880.41742,1e-24,5855.239675127936,1.4652428611048355e+17,5855.239675127936
3035486732858.806,1e-24,4867.550721450222,2.2592316250249887e+18,4867.550721450222
1144040613230.425,1e-24,2163.819304515208,8.165002479174277e+17,2163.819304515208
209687647947.07785,1e-24,6968.689559829266,1.5609536211291206e+17,6012.986217968555
199164074998.5907,1e-24,6514.906982956076,1.4826144871514714e+17,6013.225699849584
142605704595.86432,1e-24,3905.2024353196484,1.0601090524954454e+17,3905.2024353196484
111692146933.32228,1e-24,5954.678266540168,8.314583449377346e+16,5954.678266540168
385328790215.529,1e-24,4363.202696197524,2.8669586527861888e+17,4363.202696197524
374022004606.5362,1e-24,4760.296813628288,2.7837154825695898e+17,4760.296813628288
2066773395056.4287,1e-24,1878.704343568028,1.4311100472148196e+18,1878.704343568028
3581766451701.697,1e-24,6963.576925561619,2.6661682370562504e+18,5900.864239208492
7661791355020.723,1e-24,3644.5426824544006,5.689662325709292e+18,3644.5426824544006
5575215397680.218,1e-24,1273.842171967845,3.3024588890569073e+18,1273.842171967845
9723253865933.965,1e-24,2252.833742293781,6.984855503728137e+18,2252.833742293781
559368382653.3226,1e-24,1272.3385364381306,3.311251358919518e+17,1272.3385364381306
4680396363823.998,1e-24,4513.806401801554,3.4826810023267804e+18,4513.806401801554
8410114817670.251,1e-24,1694.525722253868,5.649982152544912e+18,1694.525722253868
6076347974214.814,1e-24,3469.8509423811415,4.507919257546959e+18,3469.8509423811415
296880129713.9108,1e-24,5927.837261601666,2.2100262379892083e+17,5927.837261601666
114915049463.34479,1e-24,4840.379927074735,8.553082419602458e+16,4840.379927074735
885543505914.3184,1e-24,900.6523951283009,4.105175806896468e+17,900.6523951283009
738523012010.5652,1e-24,3018.6324487602283,5.4529846060127e+17,3018.6324487602283
314265096799.62445,1e-24,8184.226366022023,2.3394429485796118e+17,6009.259615241052
1572508826003.5347,1e-24,1773.3409743071663,1.0715922872350273e+18,1773.3409743071663
3267852860013.383,1e-24,3552.620860941142,2.425657779867191e+18,3552.620860941142
1576524516285.9468,1e-24,3638.2625563171996,1.1707667438814528e+18,3638.2625563171996
1892740467728.8262,1e-24,6132.799930357985,1.4089472587157967e+18,5954.119113665777
369035587725.13293,1e-24,7364.536499685494,2.7471610299677338e+17,6006.916430238838
1722903214321.2197,1e-24,5499.518590631574,1.282505065963557e+18,5499.518590631574
