phi,energy,time,N_Ra226,N_Ra225,N_Ac225
201650138857632.75,0.03549818346937176,31.44990858310834,6.0218752621897095e+23,1.1193178673834437e+19,3.3430365310884154e+17
476897630945872.44,1.2769169416073918,297.7000933181487,6.021480762905372e+23,3.2720610827431686e+19,7.806466424460732e+18
318848621444836.6,38.96164396133732,139.2091767644036,6.0219341954444805e+23,2.1363268554462728e+18,2.6352977848777875e+17
79811003973695.03,150740.51828904828,478.10414381840644,6.021857377131409e+23,2.1962062304726772e+16,7522414336930610.0
36079960303042.266,40.365105598884,146.48180591189407,6.021953554593734e+23,2.4823404789428915e+17,3.207157176551199e+16
10189560446421.35,429765.0941087257,161.37264619511183,6.021951965785463e+23,738291716400000.4,104088894825158.05
474689424785153.8,122.64590724001847,272.21284597782596,6.021878993538775e+23,3.107786028820229e+18,6.889319025100086e+17
776700098625960.2,367856.54669528385,300.6553518574403,6.021909203449078e+23,1.000170971554755e+17,2.405389643606031e+16
990292496861788.2,0.19917958280915563,26.544680614691135,6.021790205824483e+23,1.967883445199433e+19,4.976477638537581e+17
332964303405448.75,9.923157874118575,71.80735980671994,6.0219526128700925e+23,2.4287328630061353e+18,1.613684058216298e+17
39814253709723.97,0.0606393417639292,280.0120943889643,6.021761485264929e+23,1.1975720968542693e+19,2.717454182568057e+18
79788584164286.97,0.2013174792143201,282.1541154590479,6.0217440454859236e+23,1.3247353796618971e+19,3.0249185638650317e+18
48178155835283.23,5.113296947691639,257.2303570850423,6.0219046608784205e+23,1.4792841541652111e+18,3.128206236683059e+17
68497176556387.266,0.1280316772102852,213.1348908065953,6.021796716547329e+23,1.1456416979162374e+19,2.0641849417245724e+18
149965997708439.84,647.2671346734385,46.28737217047179,6.0219852892725416e+23,8.945186851434445e+16,3894580715834248.0
14646809461515.572,73373.09786045487,274.17067065110297,6.021918354321117e+23,3941894012120517.5,879034822510869.5
37808767523855.875,6.827298572155456,50.5449797773318,6.021982450400632e+23,2.3881293575739994e+17,1.1322764315082876e+16
70631493091416.16,0.3547268594857044,309.9611472976005,6.021781756620031e+23,9.471352171824697e+18,2.3346686803252716e+18
10184101696453.084,72.0371139476196,423.1103335791349,6.021872340036753e+23,1.1874668819975178e+17,3.723541010593341e+16
140365771692764.77,15855.859147368832,402.65079989766133,6.021878630541411e+23,1.0680545139764274e+17,3.227805070779012e+16
529502640659316.56,0.7433234431268655,167.7560079686341,6.021596928716905e+23,3.014795182034934e+19,4.4006693200373074e+18
10602472737800.354,1020.0664339349555,204.06795509075062,6.02193903581992e+23,1.9178444009478536e+16,3327602800844002.0
135842373910214.94,49063.72077952924,440.61994742423843,6.0218679431187686e+23,6.228576672999063e+16,2.012033935103406e+16
98417103446873.39,159.71781708706257,70.1186038795336,6.0219772604597086e+23,1.750091049923662e+17,1.1366724734621262e+16
690195587070488.8,3328.9180782103726,441.61934742873336,6.021850463877949e+23,1.2166795548593242e+18,3.936760567573816e+17
207879411912300.38,4176.8340724658065,416.2257382017097,6.021871540087688e+23,3.149555212121226e+17,9.75685183765173e+16
177168171098189.22,27.22791490404555,206.8631791372734,6.021914360968624e+23,1.9833882809556324e+18,3.48227946550798e+17
93904645138212.03,1883.065919576647,442.04765048384974,6.02186516557923e+23,2.2023008558308566e+17,7.1309184487854136e+16
447641024239750.5,299.3521715585361,256.31364004892316,6.021900988528434e+23,1.7914056673323648e+18,3.776927710493167e+17
249796248068053.7,1.165172955824655,350.34237626564135,6.021617842214411e+23,2.017130541778743e+19,5.479680450961436e+18
714281614893751.6,2520.1154592195635,120.09010467934408,6.0219584032936606e+23,5.2253081682313536e+17,5.628941578020654e+16
53053021203264.04,888185.3355912309,147.93564651748954,6.0219559447669e+23,2481778624111271.5,323524877177834.6
228592357438678.03,8434.795986615256,148.84605689023235,6.021954432462555e+23,1.1031351564640216e+17,1.446056689902309e+16
320112097919006.75,310394.32146621903,187.80556827440455,6.021943737917243e+23,3.100360111957036e+16,5002113151143915.0
868900930064210.2,8967.667107385603,140.05702324758676,6.0219539130422635e+23,3.857707556340282e+17,4.785118190437485e+16
25339661604872.312,18691.026926023875,117.0254160904615,6.021965098038688e+23,6651976144731510.0,699666509851277.6
777018797126094.5,6.098524297735737,253.02566965587647,6.021651811691034e+23,2.156890441663639e+19,4.498531074303239e+18
36695583398077.34,1842.4343525417162,232.35828826763208,6.0219301677844445e+23,5.4821464422144936e+16,1.0638010961517238e+16
688619219573911.2,121454.14925289537,376.284353597939,6.021885467209397e+23,1.8092662092815088e+17,5.194208084223192e+16
329359795088745.1,442738.2826255016,220.892263346524,6.021933886241277e+23,3.048781296766973e+16,5665177073378909.0
163700861757768.62,3603.131604316564,232.0694846549348,6.02192876524759e+23,1.7470930475114064e+17,3.3866096795084812e+16
321292448885020.9,118.13887402057205,289.95925877308713,6.0218843267111386e+23,2.2475334321694513e+18,5.248148858353532e+17
672616589052624.1,307.77488606918445,258.87531450039216,6.021888936019402e+23,2.6750742459392026e+18,5.6871823869702234e+17
746936631418889.4,2254.3853242912937,480.9629477077165,6.021830928402928e+23,1.686799786237054e+18,5.80196389323868e+17
71849327927443.86,0.14266217089668168,80.90918622798924,6.021923164345908e+23,4.88277350022673e+18,3.634061075076302e+17
40622766706977.445,70070.33886964306,14.881743716724504,6.0219955632456574e+23,771650406282086.4,11022769266718.688
28016328990613.875,137.4865575634087,88.11819590211196,6.0219730536650525e+23,6.634336745112157e+16,5352764844008384.0
189874785055355.28,0.23248299670305045,29.766976764412213,6.021950960403883e+23,3.904353397910752e+18,1.1049006010988779e+17
831042237342943.2,309243.45803228015,308.92269834306046,6.021906480353922e+23,1.1906239934424082e+17,2.9269275129901104e+16
26409766320638.88,0.32381565719912203,402.16122885433157,6.0218163385880474e+23,4.443154026082145e+18,1.341558329551821e+18
174491681216506.25,0.47341443768428443,404.10542812183036,6.021528466538249e+23,2.4355645993781817e+19,7.380609071247344e+18
15219456504125.387,109.5604155095752,326.7747295363705,6.021901121328318e+23,1.2064942325567904e+17,3.1024164972104052e+16
119147568503761.27,68823.25448449128,350.03958978391233,6.0218952813502796e+23,3.956485990366346e+16,1.074073512563816e+16
187942286228505.53,631563.0005573394,417.1955732522431,6.021875502303973e+23,2.3191807712788036e+16,7196892336244697.0
950389640021467.2,1.7216959038259025,202.41957577761946,6.021437223065647e+23,4.156719294274439e+19,7.161556702623626e+18
531532511803960.0,33654.33308863074,171.88045100282125,6.021947140154507e+23,1.4518064527555178e+17,2.16556883904947e+16
25311157859119.586,49.67966471068809,95.697241300225,6.021970341824759e+23,1.0751707136039843e+17,9375143904573912.0
60754303555531.98,484189.85794297664,49.9711384990373,6.021985113246743e+23,1425403769263811.2,66839680879051.89
44499100245468.766,1.8842938410063048,66.70622555639642,6.0219727353873365e+23,6.953142850319341e+17,4.305690942469488e+16
14003220715809.695,27130.80575759421,284.91124982014026,6.021915125672242e+23,6379709738147193.0,1468428178290881.5
218844467560528.5,23103.64137892639,205.64978238508215,6.021937782346332e+23,8.37042156910246e+16,1.4621186142121438e+16
69180078459768.23,31.330051458166857,13.393175282017827,6.021995446673712e+23,5.601084242410009e+16,720758899899956.2
17047755861490.164,0.29922995922976686,82.28661132544234,6.021966720559826e+23,8.125150859087421e+17,6.144737406791022e+16
39673132458258.54,648.5515031753118,171.77563761879915,6.0219479611278257e+23,7.801900871910152e+16,1.1631287294612206e+16
738126299280563.2,64617.79977571061,297.97614247080486,6.0219083547293556e+23,2.2529237986743674e+17,5.378998705453054e+16
906010443281542.0,0.15007307849461538,268.1519478424928,6.019770917550897e+23,1.67610177482272e+20,3.669747182974569e+19
12525838031545.127,1624.8152043670095,423.0721523958193,6.0218736409787626e+23,3.075080541285226e+16,9641890169841334.0
97192452739775.56,0.026417253212493934,367.60663718924246,6.021137155536484e+23,5.38855862464895e+19,1.5195437123002726e+19
510976827326324.2,317.5570579265072,363.2032643178737,6.0218562107037584e+23,2.5627487259472e+18,7.159719727848659e+17
230739520188084.06,61.27167086720403,300.83288295990656,6.0218800738908164e+23,2.3032440813098094e+18,5.5419096758448237e+17
99451095213110.97,2394.527743682206,13.151436025170604,6.021995994408188e+23,9046116959241880.0,114324054903144.11
925143572367913.9,0.23021262215488572,223.2416021198051,6.020458280131002e+23,1.1975488991887786e+20,2.245673296925859e+19
187889773016672.3,0.4503607272118288,227.01551096032193,6.021714577996214e+23,1.762492327704037e+19,3.352793145187827e+18
87093008221318.9,42353.82727168665,81.34805789301807,6.021975672203118e+23,1.0917084188412124e+16,816692347145444.2
92665452446160.06,0.2012527481512718,378.8461333851567,6.0216190246684876e+23,1.9000475649959002e+19,5.483261668340041e+18
14730266802197.385,50.68017006551928,426.24317867640707,6.021870124805313e+23,2.0574652040988896e+17,6.486784183476611e+16
355615952314470.2,1.5776093349171443,58.43982971117009,6.0219258925361446e+23,5.362108895279842e+18,2.924504716173405e+17
662140541291205.0,305.57357087346645,66.97403730089349,6.021971372201699e+23,8.155043718062975e+17,5.069361386432338e+16
35920670877556.836,0.05974437828398899,157.46070693146805,6.021873819982452e+23,6.835735241020136e+18,9.427334791020192e+17
229295207894189.75,8.932226915911754,33.61381600942899,6.021981156409068e+23,8.558036693191862e+17,2.728049308651725e+16
117430455832822.58,75345.28345933111,486.54909246293374,6.021854487303977e+23,4.619271930298974e+16,1.601811913011083e+16
94067708554995.75,11.066849442343324,408.8223569765193,6.021838707655295e+23,2.7365254317777894e+18,8.364846554251726e+17
11660181438609.332,0.06731442069213554,111.41189878241856,6.021949680011617e+23,1.5436333399339935e+18,1.551310054875713e+17
44043646227649.39,10.385388078200135,270.7739580899535,6.0219067311500006e+23,9.869430849668317e+17,2.178257345725184e+17
113363845264070.6,2.419179922765663,258.5751000100889,6.0218584464380496e+23,5.080846265141848e+18,1.0791358679655421e+18
506701321473820.6,0.8839640878148585,210.4535803878197,6.0215486038809336e+23,3.192371139243863e+19,5.689276065289443e+18
129950998842978.33,918.2438821666478,298.3192856282595,6.0219068332232646e+23,3.330133831406406e+17,7.958346064030872e+16
276642024434049.97,0.5713260799707235,215.006321222171,6.021666284565216e+23,2.2058158857330192e+19,4.004531184172226e+18
732041877349286.5,0.24882074773469717,327.614557831238,6.0202547071606894e+23,1.219771019749084e+20,3.143113267832163e+19
25548557432877.277,985.939896109109,209.12729151453357,6.021937179085543e+23,4.795232609723663e+16,8499013557045138.0
944441813998664.5,6179.9437166720045,127.3322309179967,6.021956861389474e+23,4.646651904927706e+17,5.282897076985842e+16
723544793736800.6,5887.660618857502,198.70244619766478,6.0219344423025966e+23,5.330335031037384e+17,9.03611021641876e+16
20774337758729.227,4.408882770909328,215.3401744054108,6.021928610441837e+23,5.970479471954528e+17,1.0853510627464046e+17
56784253225183.86,21243.50056611508,150.55800304336893,6.0219549918223975e+23,1.7438131774629328e+16,2309660705277382.5
134084758007943.17,15.91648849145774,400.6622292146676,6.021834603893382e+23,3.2096700828453627e+18,9.664078794567096e+17
45939525912398.82,1.796238885426342,169.20222679710136,6.021929764115181e+23,1.6949155160337436e+18,2.4930585158315814e+17
257661311117125.5,0.5877023211711141,443.8424504171452,6.021356599921421e+23,3.42912258750149e+19,1.113620131167961e+19
11849263599341.283,0.05287046634898891,38.25296261602669,6.0219818584921826e+23,6.512701080026162e+17,2.3555157601154264e+16
95154251507478.84,9.881033199759363,386.25893289553443,6.021844969025777e+23,2.8211838352539085e+18,8.26259458147476e+17
64233749472249.78,234428.0981576372,447.3959890026408,6.021866649348475e+23,1.3604174002322694e+16,4443562244114782.5
14789651074352.31,760958.375384635,133.757604099066,6.021960185010369e+23,684737949955268.1,81442452887039.11
391149313344788.8,32141.221695199078,455.2156523805388,6.0218611213212934e+23,2.261687043344681e+17,7.480384850087099e+16
68475321461910.36,5547.365610241329,267.50100738156436,6.021919547064463e+23,6.57791542188157e+16,1.4372095434822918e+16
253328919366762.4,0.028491945267033168,284.79627716904923,6.0204503281974535e+23,1.1257425005251984e+20,2.590390466155598e+19
867116463513651.5,0.0633965410222281,179.27212094060542,6.0198307699619194e+23,1.7873702058749693e+20,2.7678665585641116e+19
188949392978211.78,1023.2794590221462,280.93808428400024,6.0219107030437215e+23,4.3860520576933203e+17,9.979597931920549e+16
377593582049622.2,207944.48551769147,59.768011034366545,6.021982042940078e+23,1.6018379898174284e+16,892735697124870.2
306520971898812.75,607.9043007510536,128.3934891213608,6.021956317809922e+23,4.843687943720532e+17,5.549039522467389e+16
669697407036954.0,4939.661189384176,219.5967120654354,6.0219274741977094e+23,5.841319538157313e+17,1.0799417603735776e+17
295976302922542.7,121.28116723786438,414.9343817508658,6.0218382888548155e+23,2.6262864289536225e+18,8.117097836271924e+17
180165317360816.66,73.59431692989365,279.0508113223209,6.021896864686794e+23,1.5515631223818079e+18,3.510732795156903e+17
25430327934231.105,30.780791608570876,225.98588496287545,6.021929194543953e+23,2.8750954611750538e+17,5.448014395122114e+16
26558637075657.86,162.14522901720167,25.613159672786203,6.0219921942033803e+23,1.7864619305784484e+16,436175241379893.1
152121640357682.28,475.18573621396473,461.95493973909277,6.0218514700429924e+23,7.30029928253635e+17,2.4401290300596317e+17
59566224422055.875,0.11598545185785568,11.08804356142129,6.0219900524918e+23,6.576691933510812e+17,7016884338566996.0
31778956941137.11,0.4984870243115486,221.59600194019504,6.021899862947888e+23,2.779373652942268e+18,5.178717584389659e+17
540007185778089.2,770.2554606060214,21.774919026958994,6.021992067327374e+23,1.4220627633807702e+17,2959078361526251.0
244885138802875.38,490.88459477504443,162.13615654959028,6.021945604417712e+23,5.271157060901103e+17,7.463127469169675e+16
342211139023457.25,0.5726967689449348,394.2255020058157,6.0212716510543133e+23,4.2721316296124555e+19,1.2707301581667721e+19
285790811148875.06,0.12888288932050518,457.0447417019647,6.020616977383873e+23,8.271875727825738e+19,2.743869306440799e+19
49091061006176.72,1.3098786720715765,440.64023093990613,6.0218040786151256e+23,4.356429638529939e+18,1.4073189932097981e+18
23975599152700.188,5007.187329590148,457.2703664066289,6.0218633831010635e+23,3.5221726563348212e+16,1.1687143482508526e+16
55462042288653.19,57010.54511784412,471.5347571152208,6.0218592936314754e+23,2.4608305160980836e+16,8346596863879289.0
134942182599358.89,787.629886296811,409.6212364611433,6.021871343550444e+23,4.659233327757409e+17,1.4262817738328707e+17
141925462582486.4,1019.3436487692561,154.99626924332856,6.021951510295144e+23,2.0399819995015142e+17,2.7737114398453784e+16
10823972242928.348,32721.163592813355,371.9381841013224,6.021889232910336e+23,5435840644132575.0,1546725965827623.0
23200133226579.688,1.1907066577235017,158.12639123974625,6.0219414165232474e+23,9.925358463010177e+17,1.374031623829999e+17
11480114836108.299,44.94096263683361,176.92240801965383,6.021946308160701e+23,8.791802332435298e+16,1.3455581557088424e+16
385983466310204.0,578.7886101920275,403.28197639944784,6.021857803262516e+23,1.538805666743495e+18,4.6559480997117965e+17
29106038485804.656,0.08848725894350258,375.9167861795092,6.021762048380226e+23,8.953212432037661e+18,2.568456612477959e+18
337322787620112.4,756252.7286982943,160.42657500025183,6.021952042635661e+23,1.833260801017324e+16,2571042028989009.0
36479521821480.22,111084.7616088572,159.08450269898583,6.021952595663545e+23,5135956095812258.0,714874290650979.0
33529838668527.234,0.03623670664893032,449.5563921073515,6.0215947940730935e+23,1.811642552023676e+19,5.938116107404135e+18
897858202406442.6,32.140851597345346,422.51376474547493,6.0216448987590376e+23,1.5658533862296418e+19,4.904967180132551e+18
451036468860650.8,90025.36640990678,452.64373956788,6.021862958732794e+23,1.552800064019252e+17,5.114867267625223e+16
24682263638878.79,61.828100264240945,25.45906266501833,6.02199214924646e+23,2.6728567318562176e+16,648732138666700.4
909041136935771.8,36.011441136321565,241.96598448430504,6.021802351355865e+23,1.002887318300013e+19,2.0142759129893425e+18
56924906057512.91,115390.58759304372,307.75333349183893,6.021908234030955e+23,1.331420968529586e+16,3263055358010395.0
480441205954619.75,23.217171860551876,16.896237786580304,6.021989196726859e+23,5.6812800240617894e+17,9202099506915194.0
12085610901358.121,0.22067192975153277,181.78966801128814,6.0219298667048614e+23,1.3511497099385326e+18,2.1182076361488467e+17
18358974920315.344,4.3846537966017864,354.21859782921786,6.021883937307202e+23,7.701337530290344e+17,2.1101420316860787e+17
39871491031916.62,75.90502137192311,307.0940742602608,6.0219037896900164e+23,3.6303129804990637e+17,8.88181224658674e+16
27179823552653.246,0.063088155237808,81.38997895095136,6.021945588359045e+23,2.792851666217552e+18,2.090316772454117e+17
841958398863708.0,171.77732063315557,251.99536943262274,6.0218695156994403e+23,4.389868911259841e+18,9.124354798751498e+17
108365856058392.36,570341.5576096916,364.4424333410275,6.021891360702515e+23,1.285465725416231e+16,3600756332156569.5
31505805184756.152,282.5983008507701,13.466035972742,6.021995905891355e+23,8538923419228115.0,110473159822134.58
260349759971768.47,2.176511277802348,221.48564677643876,6.021800108752892e+23,1.089265868168814e+19,2.028731029389969e+18
113237325822794.92,68.4083111075032,374.57994143868495,6.0218709444035784e+23,1.2497512956047455e+18,3.5754426071006246e+17
861639611068327.6,209.41206026379,303.36904942732565,6.0218477999145635e+23,4.681159574462434e+18,1.1340374017327916e+18
14937830597302.627,0.12738129358511222,278.5150454181033,6.021877155571795e+23,3.0876281471435715e+18,6.975341942444684e+17
13721434581206.014,94167.15425979123,408.5236578226541,6.021878358659197e+23,4325279809714043.5,1321402672019302.5
98554756580325.5,1.7324471456474206,138.11754974845098,6.0219234461161526e+23,3.1100609009393725e+18,3.809036655693845e+17
275644351757945.16,1523.4743578564035,14.30843754782952,6.021995395327306e+23,3.416081917235637e+16,469351054491458.2
78820142028533.61,13557.482330748917,463.65613922178056,6.0218609379149484e+23,7.097664189073845e+16,2.3786430809553716e+16
57221402010524.664,0.21638486664646672,329.66566764705334,6.021762887977105e+23,1.027138694439104e+19,2.659773766546277e+18
13420410996950.115,1088.8158310857832,381.4378365363643,6.021885950313813e+23,3.758544942385169e+16,1.0903138846938112e+16
46426908219432.76,124321.19829023254,348.85722760193056,6.02189602070157e+23,1.1443574830806696e+16,3098399076347697.5
25138184963631.207,0.1588513493665422,252.3899838902984,6.0218703218742366e+23,4.3152828159062825e+18,8.981133288743055e+17
38913774284036.76,387.95187393192606,143.44934693515108,6.02195633700614e+23,8.480948873534154e+16,1.0751269497902846e+16
442753962817330.0,6.121934454255765,42.099031736783175,6.021961648299821e+23,2.4797217531055104e+18,9.845943862456778e+16
15839924255410.213,32.4003386442511,49.74020054461646,6.021984722472792e+23,4.523045293720542e+16,2111447819634617.8
32227419429398.777,119.08219754383519,432.2848519422819,6.02186697390978e+23,2.9632012652384006e+17,9.439496946715293e+16
39327901192641.12,5.527061893295045,259.13061344905225,6.021908022466812e+23,1.1680697796797402e+18,2.485352257551192e+17
399426125776443.9,1235.160212515193,27.510825245127116,6.021990740816822e+23,1.0436705242527666e+17,2733623876559508.5
11028979951840.79,220.5860643517101,214.5551252821703,6.021935600865756e+23,4.468011290971679e+16,8096649351189318.0
16909841318778.639,60.213795211635,399.31338641917705,6.02187817956718e+23,2.0764834773523014e+17,6.236299699913562e+16
362244434871822.75,107.25474945462943,147.33284046864173,6.0219384881655126e+23,1.53661787578112e+18,1.995743429964918e+17
19285847869675.26,0.3731861719895634,336.0893856601584,6.021863608557329e+23,2.6725761011533256e+18,7.027154302245078e+17
137236033757423.5,39.296449771128806,330.16499252635094,6.0218769652154536e+23,1.8299931727236695e+18,4.7444424653145e+17
451508691557732.25,16049.150343759562,495.5386820017732,6.021846471786434e+23,3.890622266859666e+17,1.3665186936368573e+17
20882714854402.914,1.6803651972242564,82.4365568063759,6.0219709141149466e+23,4.2070847356797734e+17,3.18714563167891e+16
53078614922261.055,245899.40701083431,341.37725445579173,6.021898278966139e+23,9162041642754772.0,2438848221874746.5
181147984858319.1,18569.34443197384,497.8355041426592,6.021849573518047e+23,1.4551530145146755e+17,5.127464501308208e+16
70536788778801.02,172347.25030147005,20.984381210392712,6.021993742659746e+23,1197623322043365.0,24028099621457.375
285080048468490.9,0.6317933572414635,101.81469836455703,6.021844530325825e+23,1.135919749472588e+19,1.0496766351724136e+18
64572715851481.984,82.2411833735779,158.24754239965333,6.0219490420869275e+23,3.326189608715231e+17,4.6078302732170984e+16
324806327430936.0,3.484350098562059,192.83445661269315,6.021827596515917e+23,9.596556379717536e+18,1.584693292974623e+18
17979380349914.664,3.3839795889305484,270.2704200216098,6.021910511325799e+23,7.048007134409484e+17,1.5531481065936403e+17
18091005188856.16,0.647461610182831,140.9749759770336,6.0219471804046284e+23,9.506540370690519e+17,1.1862281532424304e+17
237103558122435.44,1.2757044428840882,239.42134788639657,6.021756469482719e+23,1.3783094492966679e+19,2.7436064008766874e+18
860525989198657.0,323.1117987402629,418.2190434790138,6.0218069091946174e+23,4.70212369164428e+18,1.461821190270228e+18
369315492692623.7,1.2314421021764157,422.7416463384864,6.021391962046966e+23,3.291572402022355e+19,1.0314888672077214e+19
379776039744263.75,0.10443983731017506,297.09205343769287,6.0207149830035896e+23,9.096730291256813e+19,2.166736003026191e+19
14231421870375.385,5.440570283430169,379.82437281136725,6.021879018713392e+23,5.622278555791072e+17,1.6256955760747654e+17
523337886046042.7,246028.36575288608,348.61775472158075,6.0218949886263366e+23,9.165272663236069e+16,2.4802061646421612e+16
123812266091267.61,0.03219207451907892,475.77004233158294,6.020733159349679e+23,7.349801549674435e+19,2.508828300217331e+19
237807859866434.8,117.37939106017224,185.2842154113426,6.021930917695128e+23,1.1711812598470272e+18,1.8672065949455286e+17
125722835351803.92,0.3872920511034044,328.49066407909703,6.021674773611762e+23,1.6825464123617511e+19,4.3446279897057495e+18
99013903145033.62,0.49011096975449364,355.5061536985708,6.021721855678536e+23,1.2454414342614233e+19,3.422138787983088e+18
13230467841570.322,7.1437310587402205,414.27322100922987,6.021869681028173e+23,4.832196808278431e+17,1.4917230016249504e+17
30244667520925.73,302433.079181344,145.30897736787355,6.0219567276321974e+23,2387326432640658.0,306199777625505.4
188188408751813.62,28760.700888396274,466.27037510308674,6.021859462241195e+23,1.1675228367821723e+17,3.928463387222133e+16
550894948162350.4,0.17806076954897104,53.33000035549841,6.021745479503018e+23,2.2672883112597512e+19,1.1321870531645713e+18
633267100566312.1,19937.506256062425,361.1437471588436,6.0218869698111164e+23,3.9926851818519885e+17,1.110561944864921e+17
114371504142371.44,58.50157702268047,144.58650703809002,6.0219495591237966e+23,6.463036407931745e+17,8.252120688093349e+16
826095193977311.0,12.938674659842851,423.41441171270685,6.0215406838681094e+23,2.2737875081877615e+19,7.133768123871356e+18
104630838166082.22,203.6096188465356,316.61407632707414,6.021897815947969e+23,5.947441667528061e+17,1.4912565058844166e+17
55667094731852.07,691.6482033464299,288.16410296858595,6.021912149882952e+23,1.601944170155806e+17,3.721691904732416e+16
71643976723629.2,2732.2628069057046,60.17076328657682,6.021981810025867e+23,2.668312006535593e+16,1496735220559066.0
497885787749962.94,1582.7874162120872,94.69146443972765,6.021967757114092e+23,3.711033024913504e+17,3.2039610914347756e+16
60459211945109.02,1759.8582390641639,250.9996489719254,6.021924060980758e+23,9.818278242173693e+16,2.033944353094399e+16
27615252863884.312,428.1894816178597,172.70945104155803,6.021947810432105e+23,6.7141418271111816e+16,1.0058054025900148e+16
306123470846170.8,46.88883915854478,148.1130405377774,6.021933223728844e+23,1.9729456028247104e+18,2.5747275516998726e+17
31066172761321.332,14.95204870801654,164.73079301062324,6.02194643847073e+23,3.8835691999853594e+17,5.577275950255498e+16
85806037929519.61,12.879690042808209,30.096764585944147,6.021988576372514e+23,2.396026138578128e+17,6854215827725580.0
361183392297450.1,61981.902294727144,161.0457519331387,6.021951270812839e+23,6.87912499463124e+16,9680984735750086.0
44072034871972.55,53540.47830489351,365.2177140745068,6.021891070786846e+23,1.708803922230243e+16,4794446480662134.0
359636577737043.56,6666.257813316343,483.4814426896793,6.021848814016497e+23,4.7379265557822746e+17,1.6356736416558266e+17
589239381309188.8,962930.7707192403,107.50136826585431,6.021967785537568e+23,1.997367692944253e+16,1941706719859736.0
585266230236055.1,151.808565362479,78.15655717813968,6.0219640143140867e+23,1.1808685192865628e+18,8.504776977995216e+16
204759236971407.88,0.07451971284467233,351.64255831600786,6.020991320038352e+23,6.5546446148170244e+19,1.7858063889679772e+19
134365499341130.77,0.05919679476944411,213.2158271158273,6.02153294456907e+23,3.3059518960657744e+19,5.958571705812998e+18
69332602895628.78,54460.71077865856,395.197283105718,6.021881984779208e+23,2.8115470172419056e+16,8378254788681104.0
938252006062303.4,0.047306471631932634,161.02377892472555,6.0195715508139193e+23,2.0448258573614013e+20,2.8775226617452896e+19
225787062098434.8,0.33823868160965376,308.21002554917493,6.021498140653744e+23,3.0877363549508272e+19,7.576591374779347e+18
203574930804171.1,60.745532494366635,280.807628549285,6.021891288963528e+23,1.9388312305558013e+18,4.409744989311881e+17
42356370540927.164,9.289648434097318,315.27427264775764,6.0218911544990564e+23,1.1237080909834029e+18,2.8080121583241494e+17
15892001649431.627,0.07969966036696083,411.72395028493446,6.021798025417599e+23,5.473057594850953e+18,1.681820343942249e+18
634387631892260.5,11724.237937759552,139.22295747557837,6.0219557702852984e+23,2.4504872746096016e+17,3.0231058009899256e+16
185928346248641.9,24.99319088667979,39.19690687650255,6.021983337815435e+23,4.811777578435474e+17,1.7821841301358092e+16
177754486233942.44,0.814493149999327,416.81332458457933,6.0215945616921955e+23,1.930301545236416e+19,5.986097384178815e+18
665368335219781.9,14510.55118093109,187.57740218109174,6.021940624218987e+23,2.9774828599876736e+17,4.798724057144702e+16
16222510895471.516,69437.82731938668,203.92728919764465,6.0219392668572433e+23,3554645563900376.0,616387394222708.6
111520937454968.2,0.0349947913858809,384.3880350782128,6.021100185365268e+23,5.537459749049066e+19,1.6158516132935731e+19
17683734078847.266,9452.248866036176,68.85621266742756,6.021979464937445e+23,4018856714905757.5,256531026887575.88
536553452217900.3,2.3756056326083965,328.9846769306227,6.021509543599401e+23,2.902405249950855e+19,7.503501145166051e+18
70272599213223.74,28734.607675287654,118.94587887982763,6.0219644318236276e+23,1.5095290300462944e+16,1611820707625423.8
90680846361432.06,34.51018501848372,488.69681865269155,6.021828704313659e+23,1.6711323610442493e+18,5.812863637826368e+17
62619036050271.51,9448.552652410659,477.13726921115574,6.021856948166664e+23,6.8740857366049496e+16,2.3511358929119332e+16
29401621919708.28,0.5707877917620913,286.3618602521903,6.021876577738796e+23,2.931486028988431e+18,6.775621770832074e+17
54772241166966.16,0.10986284723183237,162.83182035068,6.0218593082999155e+23,7.909462670299212e+18,1.1241638846102028e+18
21790216829520.51,2273.40091216039,323.2557968781193,6.021903290841816e+23,3.7627127109420184e+16,9592485133997000.0
173357115951848.7,6927.957279893009,87.09092809859182,6.021973459328363e+23,5.7211450834859704e+16,4565176538467596.0
21194344566643.57,10336.203574039406,49.68685306860214,6.021985177302379e+23,3384917936571399.0,157850677728123.47
282569069347828.75,4385.730269128894,142.1944419911587,6.021955602249903e+23,1.8176972563546838e+17,2.2859632175427644e+16
41764482028650.305,0.08215657087354221,245.00886748939507,6.0218047148364815e+23,9.741413641303855e+18,1.9773361088173847e+18
159675825780539.2,102.03956721928458,141.38423768602624,6.0219502623978135e+23,6.70064092334317e+17,8.383152849326784e+16
810572727377875.4,391146.7320300243,176.52747760731958,6.0219466799892304e+23,6.641424601672528e+16,1.0144356955569834e+16
970145672471931.1,267355.87585320225,182.7334330375151,6.0219444420731555e+23,9.896371153598707e+16,1.5585787315031374e+16
104342373049187.05,7577.701516510045,340.10944039194686,6.0218973841360385e+23,1.0232995021084115e+17,2.7159618126946616e+16
13854190702873.041,7.196282039079831,388.0618965410835,6.021877641118824e+23,4.828257145561048e+17,1.4190927887511664e+17
11556031393812.732,0.04974836667854634,184.02928876002215,6.0219125492073796e+23,2.7488922709112883e+18,4.356338253181712e+17
89310000482989.33,433310.0393280462,194.5998311734273,6.021941995289568e+23,7539075427897601.0,1254922209853014.5
254240695227650.72,769037.1523713811,426.9697403060573,6.021872507383217e+23,2.8859442563033344e+16,9110231242526860.0
425187082671004.4,0.06776994995967843,494.38897350805,6.019085715100756e+23,1.780016935151692e+20,6.242412599339255e+19
383840309419488.9,541.7583245099045,107.1037493661448,6.021962070850138e+23,5.467182909872704e+17,5.296521209499498e+16
155539592642145.9,6.782609894477457,440.3632438610509,6.021778798156027e+23,6.06334706042449e+18,1.9578334708702072e+18
100764915385232.17,3017.17895611601,374.24791146357484,6.021886268537491e+23,1.6735385360213168e+17,4.7846082865280136e+16
53666607278333.43,72.32358257266814,171.18432558348476,6.021945351508936e+23,3.1512132721362074e+17,4.683508066287735e+16
177094087558347.75,29.960485062896353,150.3735735714427,6.021938571052921e+23,1.4466238898498074e+18,1.913916092104766e+17
62128546848087.055,3.961760047190513,189.01390849505776,6.021923525015248e+23,1.6932491502125906e+18,2.7473495996535168e+17
478244589353317.44,46.7594871732136,215.46216970711933,6.021884224356152e+23,4.22238629971049e+18,7.679481473666775e+17
38622561528891.266,75744.63610057985,473.6603283626924,6.021858808651547e+23,1.490808678384384e+16,5072660137219592.0
20231604918264.41,62.136013657478955,438.07947465706656,6.021865771374876e+23,2.5971702973300464e+17,8.354428309809734e+16
21262438106037.363,15467.147237006933,455.9281621855953,6.02186404642717e+23,1.7739938468061106e+16,5873975837601344.0
105057235967622.92,0.13990855564972624,283.04883287135357,6.021643265438755e+23,2.097304964611312e+19,4.801508650470616e+18
19373229491044.535,12332.972278157007,192.59143243851696,6.021942568337036e+23,9611089931956240.0,1585332869291389.2
345940508772036.3,4743.193829785076,252.92442888144805,6.021920373346855e+23,3.442316000326791e+17,7.177017627304888e+16
143012074741022.38,13209.121148984994,34.400219416467486,6.0219896154975775e+23,1.4194206652914674e+16,462819879904606.2
272906332265318.97,1.545449675786596,188.3969259392561,6.0218021684171705e+23,1.1876247382759432e+19,1.9214288427840164e+18
904428111400781.1,2624.6603534285123,179.98734226970933,6.02193554302609e+23,9.194608844153317e+17,1.4287931976241856e+17
34086703690201.168,0.033564876946046734,324.06323593978163,6.021696889947011e+23,1.5345840308755606e+19,3.920008911030317e+18
14070902884363.502,429171.0388621788,417.9379430389457,6.021875588793112e+23,2108757019091440.2,655253655982863.6
117205675780855.89,84.8615180889787,114.06045688274214,6.0219610803983085e+23,4.4628868920567974e+17,4.583913539787971e+16
17233922196721.85,180826.18371760595,18.7292148046256,6.021994423434467e+23,255521092488891.12,4582287837850.757
36890108366722.94,34146.71147370325,346.4292440837289,6.021896663670973e+23,1.726533127262883e+16,4649177317321681.0
211142317968184.12,5.4712986812773945,171.12373166457292,6.021896124596312e+23,4.5062176517430456e+18,6.695288004885066e+17
14642483159234.984,61703.24666624024,369.4022847429383,6.021889989248379e+23,5329968304409474.0,1508641711798812.8
681152031755927.2,108519.43942804099,215.46292349560647,6.0219343497139216e+23,1.2483495548715632e+17,2.2704442150465736e+16
562464186195663.4,231152.15702200882,463.5914376523169,6.0218601739863786e+23,1.2265244948801472e+17,4.110046603637682e+16
104300360930298.23,435.8871002777152,287.6745794606674,6.021909460175376e+23,3.7760586233326426e+17,8.76046553746459e+16
57030994159593.305,0.06187326124243076,481.17607761602534,6.021478659678113e+23,2.4589805001673843e+19,8.460706140621871e+18
38293948840248.43,0.04369359096136013,492.27382456209403,6.021544382461329e+23,1.9919344829668106e+19,6.964229829885621e+18
24574605747086.65,3.977440637135944,370.7743944805164,6.0218739952764097e+23,1.1169894086705734e+18,3.170660046628609e+17
25533066568701.59,7.390033415474765,335.74932335046316,6.021889269732123e+23,7.94553190161858e+17,2.087491955515181e+17
20768478173527.89,195203.19324311134,285.25476713972506,6.021915060503746e+23,3530673182134324.0,813464710358492.6
767664737236252.8,0.7137574090208787,347.35552252522393,6.0208148492341726e+23,7.872370026045846e+19,2.124362165366697e+19
120952240258073.38,6.6171936206859625,227.21286100052518,6.021895760105249e+23,2.9620251645152215e+18,5.638831292946046e+17
12283656432559.316,0.2808489413058348,183.69075962190016,6.0219307379505946e+23,1.2279050513420764e+18,1.942774416179472e+17
11105528371208.38,949704.1914575283,487.33200819841613,6.021854948752236e+23,1231645452256124.8,427576152364087.6
19403214623664.8,8304.116979687593,254.90366518501796,6.021923953037629e+23,1.4680205800103658e+16,3080829690081075.0
42472581927049.336,14121.047164518344,207.38998685274214,6.021938025293306e+23,2.0921990737052052e+16,3681441587437231.5
587305623871159.2,3294.671919433319,317.18248243535953,6.0218944803444905e+23,8.309820489128497e+17,2.08659431965033e+17
19100784826923.99,10.671856762926668,266.93608682228205,6.0219152082772605e+23,4.176647840928096e+17,9.10953766430133e+16
87526115695774.28,97.39530436607735,125.53402873181271,6.02195882388805e+23,3.3874665650903014e+17,3.80128169263366e+16
28796324842969.08,5912.723792875213,139.0477277550792,6.021958439919133e+23,1.5646129108232552e+16,1928010833495197.8
16253805521057.637,11.656999630506927,156.94676024014268,6.021950730468332e+23,2.20820511024083e+17,3.0364404967263504e+16
19606371961488.508,121.33226919368171,92.63780783756471,6.021971865091732e+23,5.1737006995019736e+16,4375662594253579.0
91383166729916.97,4.817663171732294,21.4619167380988,6.021990549888556e+23,3.00004197647295e+17,6154104357522269.0
147129390011142.47,407.8969540727016,436.9865042885814,6.0218590388934345e+23,7.359979579372064e+17,2.3632039077171942e+17
826731557722631.4,105.29251720851293,22.208536872005006,6.0219872572055885e+23,6.003221803387237e+17,1.2736903295744434e+16
58708669102619.55,173790.34625894856,426.2232964669143,6.02187294808017e+23,1.4002881557278558e+16,4414681850819722.5
86665926639384.03,1419.3079206173377,205.6846921054733,6.0219371649905685e+23,1.3375869451375013e+17,2.3367991850280204e+16
15655159115671.695,138228.27746658478,33.558862533775866,6.021990007774878e+23,468954484138572.1,14924970417146.193
269803109459976.16,816.9941959835927,131.26167341180297,6.0219566885545294e+23,3.749810616503193e+17,4.383780332087869e+16
12506078935396.021,964.619599812584,203.40924412674312,6.021939183311477e+23,2.320162960982897e+16,4014340237186500.5
245577399850593.7,0.32598046888987137,299.5718044846719,6.02146918934837e+23,3.350267149012602e+19,8.033851395534149e+18
724821363860152.5,0.5181390376279149,402.523420907309,6.0204910430121715e+23,9.644678101992607e+19,2.9141771260734624e+19
30053461368280.44,0.24835727378470515,456.87701398830336,6.021769591353508e+23,6.265532044036841e+18,2.0777261851989532e+18
402965863823348.75,654.1680071711293,453.68545347565475,6.021840480195915e+23,1.6297923056844603e+18,5.377383144236437e+17
836917855474254.0,1029.807209356594,76.37152343791374,6.0219704439783896e+23,6.345998108119931e+17,4.471217929808908e+16
25344163210345.266,68615.59536413175,304.9491079064756,6.021909144221124e+23,7635783683936913.0,1857598773897446.8
11150571074843.297,325.8880832244128,409.9039579031477,6.021877142633535e+23,5.9880741285422216e+16,1.834009246240025e+16
86052625327828.02,7.776679766753854,33.15841815156969,6.021986624491281e+23,3.3969711014565235e+17,1.0684975458944094e+16
356089662925126.1,0.048445577625055296,65.50642874085874,6.0216172469673766e+23,3.4114201968787608e+19,2.0761284909010176e+18
14938899524944.77,1333.115247062652,243.53013552710055,6.021927182349459e+23,2.7225128558803612e+16,5497990131834242.0
13295770840482.457,15184.179597288152,379.9074853640045,6.021886797004398e+23,9944174617969816.0,2875862203597435.5
18182229253857.543,209.491895868765,436.90391957377165,6.021868093974301e+23,1.2690073034422454e+17,4.07407159967453e+16
10914606592898.186,2656.794300888439,207.97842924769915,6.021937953292613e+23,1.2423853388893698e+16,2191489950012672.0
111181629687599.0,0.06059101565307739,333.7613667342819,6.0213839540933806e+23,3.8046940960504996e+19,9.949219957510365e+18
516874937023742.3,13636.726659962082,368.96817073073913,6.021884595189748e+23,3.9989366821843296e+17,1.1308704779118234e+17
508963869212108.94,111.51154929006039,197.4960488132015,6.021908595648426e+23,2.710922260411477e+18,4.5712247673719315e+17
10312561451570.615,1781.931968807138,95.47122672357573,6.021971507108125e+23,7298625060474369.0,635005753434054.1
140232613058538.52,46.245955055217,179.4966142124364,6.0219338930506065e+23,1.0715605720779817e+18,1.6611271080933472e+17
344900883212426.7,262.8847110359632,373.26945982734674,6.021861696124216e+23,1.9371496309619835e+18,5.5271571255056736e+17
160573621522216.5,0.03881077996474676,451.48649731649766,6.020604386367681e+23,8.404996147199695e+19,2.7635677913058144e+19
296090662689863.25,278885.8576040158,413.73291005018444,6.021876075863123e+23,5.468575589549385e+16,1.6865385059361222e+16
52363811623639.516,1314.780461979535,219.06684815235295,6.021933719881321e+23,8.835759636133514e+16,1.6301588739254332e+16
84197453108780.36,2.380402045906987,475.31914754176876,6.021769631119406e+23,5.80968403503204e+18,1.9817244498908948e+18
10907022433595.48,332479.01099604636,335.21202117214136,6.021900217275436e+23,1598357702471064.0,419397764238691.06
943978740016196.9,0.03011654906612474,26.684988592275857,6.021494525929077e+23,4.848842942686397e+19,1.2325783228676902e+18
56693237749005.84,16.958339692007065,273.6994687689139,6.021905629594171e+23,1.0023127528892197e+18,2.231960415371421e+17
11705898382059.703,34.89238115548244,339.57540888658673,6.0218966338027474e+23,1.689927358847587e+17,4.479726687422465e+16
217705478423679.06,2222.1801955548917,32.24785675213389,6.021989892287001e+23,4.948697845539464e+16,1514729025318353.8
243285146886042.38,125146.28430787813,436.15079456164455,6.0218691712569427e+23,6.939541985529147e+16,2.2250922995621324e+16
22269078116003.477,137947.80089798797,171.60821851374382,6.021948892949874e+23,3000296213250985.0,446904088211409.2
170759603435225.16,48.98146603470477,62.52286172689088,6.021976163703776e+23,4.9245906703878746e+17,2.8659857117799732e+16
247561606214855.16,37744.46854941995,237.373811715921,6.021928319236518e+23,8.3102218051428e+16,1.642170280589936e+16
85018116429995.31,15307.90354205803,354.90154395628986,6.0218935434235534e+23,6.043953758876327e+16,1.658509414895654e+16
60439171613361.88,9.84554612914436,135.56491152840505,6.0219507042402676e+23,7.871297527367654e+17,9.477627675609526e+16
74985524597221.89,7828.47320731464,499.01834124911386,6.0218500402929244e+23,9.290179095241667e+16,3.27894595637602e+16
483779124491896.0,613795.6041246022,60.9658711965959,6.021981727046713e+23,1.217100784610832e+16,691375154254546.4
18947647769778.137,193.87578684149847,75.8285163137702,6.0219770791586426e+23,3.289371091251646e+16,2301926610113948.5
111124723417223.62,9029.189537059272,63.12714359558239,6.02198095982469e+23,2.3818558927589676e+16,1399031853459707.5
125663556193343.81,99177.28202948254,175.75071392851294,6.021947455002814e+23,2.037208801172105e+16,3099548814807298.0
352360486255759.44,0.6941526061823663,463.5860910634246,6.021190034725308e+23,4.433627673141252e+19,1.4857118838939972e+19
668861812296536.4,2.472838914418948,220.41134616817246,6.02161306076141e+23,2.6151511796084048e+19,4.850358624168387e+18
19836475381944.227,33684.85465965507,33.556769826069456,6.0219900008094364e+23,1203628912732872.5,38304420928955.7
604942488219089.8,139934.40830981813,210.09526231853488,6.0219363096704324e+23,9.566343035500387e+16,1.7023290195506104e+16
186923137575307.34,45.591199825484736,337.8424229064397,6.021867397813239e+23,2.352220873550679e+18,6.210271658422527e+17
345660990975923.06,1419.0537227364346,121.37982222646453,6.021960058734555e+23,3.4018977082401754e+17,3.700978618467645e+16
10282766581309.951,0.4930732563199669,187.89524373970548,6.021934649651149e+23,7.904833120107692e+17,1.2759002814198306e+17
660527010624469.8,224.52957493080126,432.2617366120743,6.021806043385758e+23,4.4227817256759363e+18,1.4088571223846556e+18
120889613987340.19,0.02759080976262523,498.7408427503375,6.020607518057012e+23,7.974376300474514e+19,2.813550781721354e+19
74431203598306.27,171595.73763341582,447.8200815559432,6.021866450776884e+23,1.8436309570965024e+16,6026026010983527.0
34823081354874.24,1899.4439314412887,360.40354278700704,6.021891754866409e+23,7.103169836390407e+16,1.972601257705246e+16
155502489311426.53,1.2978946540853245,227.2023106621831,6.021826082725285e+23,8.598261025059138e+18,1.6367961019746575e+18
270942809911718.53,0.034694944774500545,272.7993444578314,6.0205587903922056e+23,1.056258714159293e+20,2.3457734034942665e+19
216986953278389.12,20.599900419258077,97.27248525752283,6.021955110498997e+23,1.452792064579989e+18,1.286339377588306e+17
21093834232333.402,2.8701258613320837,402.70747634697665,6.021862965234055e+23,1.1930862896452764e+18,3.606050370910181e+17
36929956702503.39,110.63881138196328,86.15704719557154,6.0219733221415684e+23,9.54924196228381e+16,7542616255884118.0
25143509391410.22,82.66041045653263,326.23106956890865,6.021899819278343e+23,2.2919846947623882e+17,5.8858789075562856e+16
142346004532188.66,4829.352971767151,483.4221080946872,6.021852737235674e+23,2.203100553110466e+17,7.605103135743098e+16
128910167720256.28,0.10277009595437127,415.7381853826808,6.021303270577812e+23,3.934239993739947e+19,1.2177287868597197e+19
37353740866825.39,2.7156439614331584,484.51930145173355,6.021818159595172e+23,2.4413142526434627e+18,8.440869448182849e+17
41841747800169.97,0.4284957990221286,80.16736622468558,6.0219585767143335e+23,1.6268219496162273e+18,1.2002511969388851e+17
16620317683942.277,1224.3796401647935,438.1486093246108,6.0218688914754454e+23,4.8069177124762136e+16,1.546439567561435e+16
858723572218329.8,227524.18670787525,201.7587614311244,6.0219387102224307e+23,1.0304478311992125e+17,1.77026695408307e+16
81857920937852.45,15882.94168185439,120.6835745429474,6.021963815004876e+23,2.395791127321117e+16,2592624193424972.0
124849740452561.39,97.5847743721693,478.6300052231401,6.021836822764581e+23,1.351172838008618e+18,4.631615553607629e+17
18313721276662.58,0.188841409418341,49.67729021856563,6.021978039399471e+23,6.841585675671068e+17,3.1898792770797976e+16
181626895185740.06,162365.3380267974,357.7185209024704,6.021892988319184e+23,3.986431039760729e+16,1.1006548665913554e+16
215234571853782.56,50316.68188200329,273.0910484951778,6.0219178282419077e+23,6.974085343404026e+16,1.55013811216006e+16
38600555834138.586,0.09127311784167207,347.843121592646,6.021744142803288e+23,1.108142049657629e+19,2.9935311765147203e+18
70867709584645.03,0.04221935417930753,398.9727997586599,6.021409609569318e+23,3.2844675003578474e+19,9.858039764853627e+18
373581458989684.75,354880.9263642072,375.98839857832985,6.021887295633719e+23,5.73906862939636e+16,1.6466320294050178e+16
650056187425965.2,176.62342879302184,45.328909743003436,6.02197890975636e+23,7.275705294746993e+17,3.1040425428794764e+16
25055405326525.76,629500.0540292602,425.98665643905684,6.0218731781394355e+23,3138892324623744.5,989192409403246.8
45668879564104.72,10847.515748812124,177.32622074143612,6.021946959984867e+23,2.255474710833566e+16,3458923260162937.5
47247637925435.02,0.23157338918648915,30.69143513059381,6.021980536822314e+23,1.002793326391642e+18,2.924208690294072e+16
129005501988778.75,42.83164106745368,178.4472460153167,6.021934835734899e+23,1.0192958898563863e+18,1.571919162249932e+17
591756879239778.6,0.8658502943277051,38.57686995419843,6.02190442652211e+23,8.102568438745881e+18,2.9547425444173094e+17
311173000362132.7,2567.2451877073718,376.49723367139626,6.021880026761501e+23,5.6255417314189715e+17,1.615732172928931e+17
220942576656339.38,438856.3384281435,87.6317748072016,6.021973819947166e+23,9213605114503786.0,739506465574605.5
265988582117208.22,735185.5110671204,31.35443646998729,6.021990635331818e+23,3234790002308903.5,96324945085583.47
78465871267124.55,8.181714296057407,300.17940510890844,6.02188243909706e+23,2.1399846932187023e+18,5.1400106482746304e+17
16424323575951.072,463.18753982433157,102.08840132714818,6.021969350687953e+23,2.422906052404738e+16,2244567055086582.0
229052090838302.34,45.36436920794369,388.8529084441897,6.0218389474480125e+23,3.183694397384736e+18,9.371802145935873e+17
339373001696999.5,0.4900263953510234,201.91399936179704,6.021604379480587e+23,2.776604734120757e+19,4.773337474965204e+18
73813287585842.14,3.0240935865652423,422.0986299128188,6.0218129693882194e+23,4.1941125615321277e+18,1.312827321502442e+18
11762868045181.826,768288.1279176396,346.4202135681042,6.021896887481857e+23,1160600244775320.8,312517958773897.2
880451949586323.4,0.036169546296507614,462.50286349681073,6.014527574147067e+23,4.843178396316485e+20,1.6205530060938664e+20
17372220941351.535,458652.40454790724,358.1501495489441,6.021893381063003e+23,2270529540860167.0,627481331800662.1
43204298713099.88,77.96993063174077,121.83328778573568,6.021961698197909e+23,1.819993510336626e+17,1.9868198115502844e+16
695165932833853.4,135.27713993298258,440.3888344881025,6.0217787159969025e+23,6.068231509733786e+18,1.9594935645504525e+18
43620546449192.21,132.60085440773778,284.38850960609665,6.021911671627333e+23,2.8387325425593286e+17,6.524115832336339e+16
291372174663532.06,2999.955152550524,214.24619435910705,6.021932332211992e+23,3.197082119582202e+17,5.7863439706465704e+16
13935941290989.305,3131.5470869359515,48.50738320551412,6.02198552241932e+23,3952032009418645.5,180059220196799.94
14540542898253.605,227801.20763711666,137.97221071226548,6.021958924082969e+23,1264231056201483.8,154687562944682.62
309624298084449.94,0.3073936605749575,381.05425691566495,6.02115721736541e+23,5.15696320716207e+19,1.4948638526312067e+19
193109510797597.9,0.14308796997383846,273.03642352951334,6.0214409793159774e+23,3.709784787057079e+19,8.244529166860868e+18
274134906448534.62,0.8796757951788473,452.4401637419126,6.021412087494375e+23,3.018204713352149e+19,9.93876227843507e+18
104345109169513.67,0.47759503940934056,475.0053921661172,6.0216128061739425e+23,1.6067181516688871e+19,5.478092380023634e+18
191854866359488.2,36.76648102767587,469.46459155202217,6.021809369537929e+23,3.343012447143416e+18,1.1303372893659401e+18
988981098648507.6,292.7087397986682,462.5493409699613,6.021770694030965e+23,6.051921723112038e+18,2.0247250497211863e+18
16364504694106.602,72064.17506045813,82.52865148112409,6.021975421609167e+23,1593626843045911.5,120855501832051.9
50373192450835.17,28536.590234285442,47.27696779365193,6.0219858816836474e+23,4617572361879258.0,205208307936759.38
11886296189191.754,527.7939361151826,66.26509891580046,6.0219801614815805e+23,1.102856552252396e+16,678613425510829.5
135984209113326.16,5656.44715011433,375.9415443419421,6.0218857878609757e+23,1.6545397622801747e+17,4.746690455926645e+16
54857117223055.64,19050.746908292982,82.44476288544337,6.021975351501284e+23,1.038037753830281e+16,786456457716399.8
723865143572583.5,0.06122039233530318,466.4437938162967,6.0171855177595504e+23,3.077425491908637e+20,1.0359026099551157e+20
273335972032745.97,2237.70801774556,190.00559907670606,6.021939689743493e+23,3.148112045333146e+17,5.1314690216316776e+16
720090420540368.8,175050.70997457314,266.14069384798955,6.021919224804194e+23,1.2266254538734098e+17,2.668715591639698e+16
277591624111248.22,2434.100738869711,354.9901695823063,6.0218875066276105e+23,4.949709751847607e+17,1.3585043440926534e+17
679194643646256.6,95.09006840822656,12.830267769114124,6.021993118410094e+23,3.0254242958563885e+17,3730907613964043.5
224705792837079.16,0.07311227552185134,98.351665221753,6.021690572559639e+23,2.550724141394743e+19,2.2819687025154831e+18
427383652828445.06,0.8332972970547663,454.8071863815546,6.0211348160320815e+23,4.850272777870285e+19,1.603194202222603e+19
415143466900779.2,95.86233593860011,425.79934642325435,6.0218113956089975e+23,4.213292913705761e+18,1.3273519346219553e+18
132733677041342.28,2.363824935608338,46.46588294991562,6.0219724208625435e+23,1.3149494310123272e+18,5.746483614085472e+16
953296660759409.8,0.3456484720136601,162.31495513249808,6.021049610882883e+23,7.739578679997204e+19,1.0969134664783147e+19
22259220593200.87,6693.0688681306465,43.235611821899894,6.0219870924221365e+23,3867949308048771.5,157610791006964.84
13052929585043.83,577.3306340042967,272.81943504233845,6.021918299253493e+23,3.9454729089593096e+16,8762426551242507.0
187443330271144.7,1.0875226454983482,394.42226663639207,6.021639616750186e+23,1.6987245735192228e+19,5.054645538313441e+18
44854110342674.77,836.7704100723628,345.03107581419084,6.0218954829818e+23,1.3372277766782416e+17,3.589464765501277e+16
41655006457364.61,813563.7488050993,64.28038704316461,6.021980859490185e+23,956725851910409.5,57179385213719.29
19866489529846.734,839.3559334228701,107.7760109515077,6.0219676717436206e+23,2.2861691851962492e+16,2227745635714800.2
64260170119146.414,595114.5537089725,334.59219413691744,6.0219003279372235e+23,7029437229288772.0,1841778252895137.0
15705889428705.574,6453.972509438402,293.284433683566,6.021912520268981e+23,1.4991177833851408e+16,3533288727898415.5
243176117470872.5,0.07446114010982788,171.33442144567982,6.0214256606904776e+23,4.4531863028472095e+19,6.623839782795105e+18
21444562802409.35,3292.032473298966,364.3409320686243,6.021891103394382e+23,3.347629888572996e+16,9375127430579298.0
440813669815620.1,733.8481410171294,93.81300059643493,6.0219668478524284e+23,4.784526841102397e+17,4.09476127928748e+16
363260271587306.94,5788.695817283308,311.01173127341895,6.021902351180415e+23,3.8226484477717786e+17,9.448422499578387e+16
10788489667293.262,74238.04269703983,95.59747766143114,6.021971536507537e+23,1184376792594624.0,103172801373141.61
473426539736927.94,2.9816981225643966,281.8283225194166,6.021651274311342e+23,2.0406530783717634e+19,4.655241593100282e+18
733389030118030.1,4.93608886271854,329.78033163798693,6.021528725300563e+23,2.756928469319185e+19,7.141079749725619e+18
485596804451374.06,0.2008641822399489,154.6322132134363,6.021379713493949e+23,4.9619634016160055e+19,6.732481717658588e+18
211262395243647.12,16548.191664864986,330.90118884517847,6.0218996591913385e+23,1.3749791177022133e+17,3.571072578599672e+16
424673895278670.3,0.20694269321449293,304.2348481314899,6.020936013641853e+23,7.354139894992236e+19,1.7857420280167766e+19
767642095665696.2,746888.9502779513,202.6366117124239,6.021939077041945e+23,5.102197723337728e+16,8798595470024698.0
66289495909594.24,0.027020587822546335,121.59875530909869,6.021795725529213e+23,1.4974611241846761e+19,1.6318289308369083e+18
914550090970619.4,905905.5602846087,155.30100428821245,6.0219532698334736e+23,4.41696139165084e+16,6016266425043945.0
11242507331565.283,3144.247851368028,169.3558614723722,6.0219494821431804e+23,9921610161629914.0,1460555144752128.8
123430470936376.34,44.66970807753996,86.15480849616046,6.0219689057924353e+23,5.0228377132071686e+17,3.967269055584908e+16
58612084376252.21,218.01982767780333,31.084070794233,6.021990326184923e+23,4.104613472274184e+16,1211935920002448.8
11424668147700.613,18.360270619614127,68.73114373176176,6.021978916930179e+23,5.881147441746063e+16,3747527678317432.0
28124379795266.74,2.1181494693753913,412.953682467125,6.021849749609254e+23,1.8824881564614674e+18,5.797563702803502e+17
948525893616079.9,14.296063480539743,434.78797773821856,6.0214967450257795e+23,2.52629798723532e+19,8.081888906993459e+18
932756893458825.1,0.029543092759543827,352.97640935900847,6.01533266696043e+23,4.752265377358452e+20,1.2987912243931659e+20
443433057452817.9,112086.75055071851,413.3489438967982,6.0218751086565224e+23,1.2910725722939422e+17,3.978989248559203e+16
750610754970651.0,0.48356065290788597,133.71023401036638,6.0214655016518924e+23,4.357956226509898e+19,5.181729059407932e+18
45681942469555.984,91266.04635773091,261.0335930443317,6.0219221794877426e+23,1.0618163292160466e+16,2273130459438750.0
16305901073991.145,0.6070414796371395,470.36055497185265,6.0218262766943415e+23,2.2137824272155543e+18,7.495380190094879e+17
303621721417816.7,152669.75879400407,498.8380885165756,6.021850214894724e+23,8.516250903114293e+16,3.005035686473462e+16
930330559545847.2,96.20864786577145,275.8628520569599,6.021828214938495e+23,6.946723212333832e+18,1.5570098411506924e+18
779841173692697.4,4.832996099037598,399.0159030200894,6.021396101577464e+23,3.3783204659597804e+19,1.0140559309151973e+19
49410352892317.12,7937.446130486232,402.83598989139773,6.021879348144122e+23,5.315406361061537e+16,1.6069418084269042e+16
11786256733819.713,261.719330148092,420.50245472473006,6.0218738062589496e+23,7.1812430361994824e+16,2.2415577181573044e+16
17009682953757.39,2.753398337297496,130.10201182060314,6.021956709239106e+23,4.0406121279609965e+17,4.685489421524118e+16
204729942317781.88,17.78653809267744,477.967839148245,6.021778223938227e+23,5.185402973352617e+18,1.7757431672325494e+18
38328880823754.52,3654.3289929416997,55.97019322157889,6.0219832211954274e+23,1.1527806777853364e+16,603116991044632.8
123860979473861.73,0.056505726063165736,87.37393843106385,6.021817942489288e+23,1.4355543231450515e+19,1.1490162237275886e+18
26171634869257.926,6532.979105219584,387.24183552071923,6.0218843249955495e+23,3.0228905176328052e+16,8870444151009548.0
184474094487146.28,161.35849577674543,158.60845473978725,6.021944901599988e+23,6.797154636094788e+17,9.435523670483102e+16
151813330938261.44,29.11167680308903,312.8691997217213,6.021876713497021e+23,2.26253151269479e+18,5.619139116130683e+17
13559154283936.035,2.3952840135915743,280.298520646016,6.0219081639895063e+23,6.494332251069108e+17,1.4748875569451818e+17
883479931367838.0,0.18016165161983871,400.27946799835814,6.0190257143458736e+23,1.9860090549509698e+20,5.9759178429083886e+19
674212325917426.6,1031.862695705279,111.38474709077404,6.0219588375909275e+23,7.207491461706523e+17,7.24169432690602e+16
208709294871207.06,0.14853938073538486,181.07023297561116,6.021610014759599e+23,2.8345241073284514e+19,4.428186841236383e+18
69815438453021.02,0.09372392716552931,76.48012382638981,6.02191745503377e+23,5.556379342664576e+18,3.920172939975073e+17
25306376090390.727,1.1705989198038742,80.30742969821578,6.021969661283036e+23,5.962528713728497e+17,4.406375193073845e+16
483709361476615.7,1.7070023773285208,93.72223944659856,6.0218531705487174e+23,1.0875942995372638e+19,9.299569460646627e+17
927159057318343.0,0.7868402011611999,430.05359383734714,6.0203314418393466e+23,1.0451278622960904e+20,3.316865152478792e+19
50919200867763.14,522.221997103634,232.38895634164476,6.0219290646433097e+23,1.4289998308568046e+17,2.773261837393551e+16
435422754332693.94,1291.964831755641,179.46737100127416,6.0219391371617824e+23,6.294067354601682e+17,9.755618049815771e+16
496712008926144.1,55.78002333421277,189.75994508746737,6.021900267065607e+23,3.6195461718962063e+18,5.893213120947936e+17
26106290892812.996,1.6052975495501762,75.97871622439706,6.021972021911681e+23,4.989813257971421e+17,3.498488030241698e+16
207231475608633.94,2957.152609325297,133.05395682866552,6.0219586641645833e+23,1.531998872404721e+17,1.813383746422929e+16
26375223742796.684,3020.807609908121,401.84360929294405,6.0218797482778774e+23,4.591835249384045e+16,1.3856263538108086e+16
560308958023443.7,367157.87245942105,358.2148899211816,6.0218922578832186e+23,8.185950690201048e+16,2.262578973848922e+16
434051169727225.94,18.167079706130785,163.82763352683324,6.021894057305793e+23,4.899620009983441e+18,7.001912098097964e+17
346316303499302.44,604383.7870116753,260.7298345385842,6.02192200706555e+23,3.125269221741772e+16,6684054690275181.0
65892297082126.97,9931.393714769829,147.94268805690896,6.0219556359173654e+23,2.9150909136145316e+16,3800278868048349.0
486134591700802.44,0.5873694895295584,61.466087423150704,6.0218480650510834e+23,1.2598812944713476e+19,7.213189618806717e+17
25649562539521.0,4985.970885821157,152.49097720351077,6.021954427748084e+23,1.6438289490169652e+16,2202465343782662.8
232734817440108.7,8068.9654136916415,123.09480310268975,6.021962272891798e+23,9.72574036028138e+16,1.0718504717370828e+16
954243420473367.5,115373.03932908551,122.19338758988401,6.0219624576677684e+23,1.0477306076015706e+17,1.1468849363679372e+16
22409898537319.3,78945.54394631475,436.33073384707205,6.021870026546872e+23,8050340591981332.0,2582036310831247.0
598732123092193.6,0.08641868604077275,194.24279026998684,6.020586272795131e+23,1.1298933765874604e+20,1.8778199448527213e+19
113133479510616.89,16.381061652331688,443.26123328989826,6.0218256133239335e+23,2.8496587320948946e+18,9.245441388237224e+17
13363962026922.188,98754.28165860666,93.14836037678808,6.0219722647779855e+23,1242304336871669.2,105612439353414.6
260793238754410.38,7.909521427140992,187.55408738876847,6.0218845677384326e+23,4.998082412911397e+18,8.054397705856394e+17
15050208478617.008,2.2267781525683685,181.8998622495395,6.021939576891077e+23,5.2994687202162106e+17,8.312467827234326e+16
165436998844723.88,101.7589243777379,70.58576714674692,6.0219750251081755e+23,3.708555392581444e+17,2.424001115274235e+16
59997081312580.09,0.05039254215036507,257.7018814221865,6.021687223820589e+23,1.8582484568968045e+19,3.9356486045514394e+18
234540711761992.72,0.45904886734384304,324.1576955351383,6.0215189037824565e+23,2.8557543069090996e+19,7.296596203562489e+18
46459891118751.35,678.1432246144124,386.16500534080205,6.021882713719058e+23,1.6624645686911354e+17,4.8680689338593896e+16
869133235320786.1,10.731402123810215,189.0479968425749,6.021771815353826e+23,1.4394312172404034e+19,2.335902697377955e+18
182081831525685.53,36.02790424446469,423.0071252492766,6.021830126694496e+23,3.0016077399879383e+18,9.410460633750676e+17
58596410492773.19,260568.5313755389,264.1583890348671,6.02192128089416e+23,8134545901793503.0,1758813823845966.2
11996703336975.797,13.103231867796662,384.9822592632681,6.0218810538564714e+23,3.081851785087777e+17,9.003331506456411e+16
13925151729519.959,2.6190909294358393,54.377842130499175,6.021982212903698e+23,1.5222024900800138e+17,7745297465551236.0
839558496508750.9,77.57846449146903,446.04931465095854,6.021721519304036e+23,9.755846192969515e+18,3.179635217572326e+18
12149983032206.365,40.66339774935265,369.2009276526768,6.021887712563824e+23,1.7221682610399117e+17,4.872532922544494e+16
165335466963863.6,0.12062344895554268,408.58260693949177,6.021211734399261e+23,4.604987754168059e+19,1.4070340885109336e+19
14506837500463.984,47217.37689635044,175.93490161111262,6.02194760031302e+23,3411425545998953.0,519520609447814.06
412263451170776.1,1.1736827391706302,482.4964617246003,6.021227083546389e+23,4.087937767644115e+19,1.4092797394495842e+19
689584246642756.8,243.84847454539698,363.996829479885,6.021836575512805e+23,3.9527102564760914e+18,1.1061606566473993e+18
786524776043246.6,576.9156225353966,361.9604214085782,6.021851650987707e+23,2.919748639142331e+18,8.135484560601559e+17
406589003708390.56,5990.748239354896,135.4404289433885,6.021957253178787e+23,2.144935325496792e+17,2.5804951073112732e+16
977261634811024.2,4.493786738500196,284.74830077770855,6.0214653150403215e+23,3.4578416193547035e+19,7.955336917266436e+18
195917887889689.44,118640.94554048142,434.8544061151361,6.0218697373704925e+23,5.728725287619778e+16,1.832863553528038e+16
622790588144774.1,967833.4574821468,234.65119617614025,6.021929657124084e+23,4.091161430754026e+16,8005538648366508.0
183671722848571.06,0.9413398635344762,335.56356274519777,6.021682392457294e+23,1.6007865614567283e+19,4.2038573966109727e+18
15265556014328.344,0.48433251700134355,266.19034887748575,6.021900765835623e+23,1.5635395738987525e+18,3.402254873402697e+17
334249977284541.44,7.247083613363207,78.46104375733059,6.021943256497422e+23,3.097768377269789e+18,2.2393099229252026e+17
29464352123280.836,1231.7253920431228,349.9244066432048,6.021894853581025e+23,7.311931137185405e+16,1.984471117626857e+16
86779653261910.52,5.094369821770029,148.91736896510753,6.0219360553455694e+23,1.7047305283344558e+18,2.2356344616651395e+17
379317224448862.7,4.6229558239962465,303.74166233627915,6.021725930912819e+23,1.3882192286036638e+19,3.3663941554842276e+18
49629634919675.49,4.2406419913223,102.43589217283949,6.021961052029377e+23,7.675148779699511e+17,7.132829348174138e+16
37769510313304.2,32196.885579864855,266.7143489481954,6.02192043173268e+23,1.5026425387064466e+16,3275095179670345.5
808620548434498.2,66.53708501154769,387.4869492030812,6.021753016900898e+23,9.258469437393934e+18,2.718143837961757e+18
19250734453894.215,0.045367245344838845,401.92513994108066,6.021755870081772e+23,8.649299495854559e+18,2.6104084507089715e+18
11015107059159.95,1853.484159304603,179.16246895711078,6.021946522905145e+23,1.3274636243576788e+16,2054432139136566.8
178945418128075.28,1.7043691075137222,300.63038234559923,6.021769285542241e+23,1.0704509658011419e+19,2.5742484353030794e+18
286624957466644.4,269.06214145287333,108.19340085762194,6.021961320491746e+23,5.845974217508936e+17,5.717111059670434e+16
495774101490686.2,29.612671941180906,164.7117457534478,6.021899543429603e+23,4.403462238868079e+18,6.32325934892233e+17
69389338140424.58,0.30869065451399824,437.17179067817995,6.0216827496594186e+23,1.2620982555550745e+19,4.053725992514568e+18
16907511464827.951,1703.7830606548932,170.00814709777336,6.0219491657093416e+23,2.033573487880788e+16,3003894019118393.0
728039361293627.9,115.60143563157335,168.3330282012647,6.0219108322676085e+23,3.3336908256353505e+18,4.881056919927828e+17
80575219125891.55,1.125913727408381,257.08440532342183,6.021856574078037e+23,5.269978738007875e+18,1.1139014553607648e+18
18893361127528.457,0.34642799305826394,177.44440792031017,6.021927667111771e+23,1.6520653018392192e+18,2.5350532101575965e+17
54255680106765.52,5.053024162634274,237.66374410287764,6.021909607204489e+23,1.5755863412179722e+18,3.11672479996594e+17
11044390253152.572,25.919352430082316,89.10464564489529,6.021972819208519e+23,6.085236954304311e+16,4961553408353735.0
22372562287931.27,0.23856865394748455,186.2350092718424,6.021915335125156e+23,2.454420385936883e+18,3.93076907057323e+17
156109375836466.66,812271.5312665495,319.6586491901509,6.021904677955608e+23,1.4146660120073152e+16,3574400481528950.5
67410620445719.81,0.033033870644249196,357.2186452296025,6.0214395684172987e+23,3.276876807555476e+19,9.037760787770073e+18
349184617199866.7,91882.98646575956,143.1492610126071,6.021956832524411e+23,4.936039084194104e+16,6245507207192878.0
12424476255076.518,133.0806551333494,27.9435476577035,6.0219915806184804e+23,1.00416868603341e+16,267078262908351.7
13526448515923.06,15377.625395519937,458.2501517889161,6.02186345124759e+23,1.1354149381276612e+16,3773287578983677.0
13127800664493.629,195750.30177401993,295.55792912564897,6.021912010145334e+23,2288309239165876.5,542738810154305.5
831976298789358.1,455.48970675509617,484.57549503980704,6.02179103904343e+23,4.198816592294709e+18,1.4518646778613988e+18
15020134345671.988,0.02801474029060331,206.0316156369578,6.021875308200058e+23,5.224992229676514e+18,9.141595585854036e+17
72759230044936.03,40893.62829370357,415.6974021597934,6.021875773677471e+23,3.5201648029058996e+16,1.0894665224957476e+16
10670331251860.102,0.10717708934845108,322.3906577295475,6.021868037119677e+23,2.678339216904493e+18,6.813459234353692e+17
531507079420955.8,0.3523873711228586,489.4790495128427,6.020352288560234e+23,9.701142466545648e+19,3.3783693783349776e+19
499322184421349.9,0.14192681343895197,378.6621771574021,6.0201672478664474e+23,1.218609527366231e+20,3.5155724575007904e+19
192718698041936.22,2.1178355233496786,81.68734464193483,6.021938608980172e+23,3.4293720791590897e+18,2.5756079006146787e+17
736024589184755.9,108926.06611645645,445.64280196297574,6.021863967981439e+23,2.2812224396342333e+17,7.430039046817902e+16
413284833450968.8,64620.7924799145,238.91904190064702,6.021927564733279e+23,1.0657042749767366e+17,2.117559312565496e+16
75829474891230.73,413961.40438682336,364.8200268089227,6.021891280198489e+23,1.0565815755047958e+16,2961991257090415.5
65979672275062.18,43984.6748198178,340.273321129149,6.0218983658126414e+23,2.686693114690205e+16,7133516267272220.0
46693308051102.26,22400.843651942414,398.90908092515826,6.021880856011627e+23,2.9707630569035756e+16,8915290622100267.0
344176262962758.25,10.756116417589121,175.95835262257864,6.021884338471142e+23,5.363069322354354e+18,8.168314862260714e+17
308980182271637.7,2.0612641422276403,372.84884271595627,6.021614000667067e+23,1.958265426670664e+19,5.582611390064443e+18
142477864105946.12,793.7601819797151,168.7120036247325,6.0219468656039844e+23,2.4944912699833178e+17,3.659669114996721e+16
226809716935087.38,1.4014560038192136,292.12776970956673,6.021721218530057e+23,1.4647922593840306e+19,3.4412920545969316e+18
26997486928347.742,3.450521014234139,169.49115680203118,6.0219411144795086e+23,7.196992086912718e+17,1.0602207143628272e+17
69699031126545.54,91881.65318782338,313.26941422787655,6.0219065222941316e+23,1.8506978768734468e+16,4601044598410357.0
142838800341998.8,84308.60751693872,46.388674034837244,6.021986116147173e+23,7480938644197461.0,326398712419330.56
49916220747391.336,1296.3302797549525,476.5504513752701,6.02185591176858e+23,1.4782573696191014e+17,5.051669037136616e+16
12412124301343.58,1416.2864182501335,47.60778377617456,6.0219857777319546e+23,5141348982651284.0,230035054611055.44
24441484466175.51,545.3080465421924,422.3609507850909,6.02187278798144e+23,1.0346334620864653e+17,3.240056796639792e+16
29912876128202.152,24.380134755065264,274.88685185428386,6.0219124837719094e+23,4.42515379115563e+17,9.889322348462866e+16
43510705283583.76,1.0327654254042105,466.41083404542746,6.0217927453342964e+23,4.5055232571353165e+18,1.5163403623774282e+18
46200613601912.43,564835.495193087,99.42907535553108,6.021970388222091e+23,1905610838760709.0,172229822339953.47
80953774570854.39,4736.27982152297,243.5979370455835,6.021926521514279e+23,7.828853684991762e+16,1.5813735654871158e+16
814203464207378.1,2283.2108199154964,257.14913381118214,6.021908451431593e+23,1.182786151232952e+18,2.5005473118416474e+17
936562701379713.1,557554.7522239003,373.04290121542806,6.021887376604897e+23,1.1417366566033458e+17,3.2561309141719532e+16
21638581085269.246,0.03279409761757963,238.35963436646685,6.0218314360342164e+23,7.818076204022203e+18,1.5503710255914102e+18
390910169974739.1,0.02795745718138187,257.8356239437004,6.0198573904032105e+23,1.6258750477843517e+20,3.445173433951685e+19
811583733136415.6,1781.5053744205577,229.1666648723108,6.021916694283633e+23,1.2195761414614845e+18,2.3387834491108736e+17
918094618469137.8,143655.4755876802,285.59226828151475,6.0219126347607196e+23,1.8209879365576445e+17,4.199615930508846e+16
710262238045113.4,348.38372181103847,218.1620151886933,6.021906617392429e+23,2.3205157577777736e+18,4.2660169272479e+17
43528637675081.7,21560.1375380674,86.35904179658397,6.0219742111492274e+23,8080301225908860.0,639648362814541.5
640133463338757.0,508419.61847255024,420.7302793757103,6.0218734938634847e+23,8.852240912379282e+16,2.764251367554703e+16
178777088582002.12,28099.69145299391,331.3508034288916,6.021900176810978e+23,8.93780430807744e+16,2.323811385222938e+16
116872950370529.97,226051.89552702647,19.332164591781194,6.0219942303044275e+23,1598791755943335.2,29582792252298.863
169628040199229.8,1965.1787053413589,269.8189260639437,6.021916161268678e+23,2.75581302782304e+17,6.064482473469401e+16
15169867732458.637,0.5220191231519801,163.26231991263055,6.021939662113263e+23,1.0072297535143401e+18,1.4349528705283797e+17
81863105524932.73,0.04794835809784476,372.62608920222533,6.021411616273698e+23,3.4003526267242533e+19,9.689314169894547e+18
191574138939513.78,407621.3770093799,52.5500292836816,6.0219843066556355e+23,5138818792132809.0,252983117358542.4
42375423864162.05,0.4612327885793871,290.29992344656705,6.0218515172929356e+23,4.748261763310725e+18,1.109818385553967e+18
32216581935469.91,3995.6619058212123,257.9606773121422,6.0219227786422805e+23,3.5463950386999104e+16,7517296349696322.0
12599894384447.783,0.05440311788036768,330.9456563056177,6.0218402291337934e+23,4.523175532690928e+18,1.174878692218622e+18
809290075813857.4,0.19956448318702216,209.95554689319923,6.020633893854196e+23,1.0709581113681648e+20,1.9047401971205652e+19
59557235885215.38,634.1599280650694,479.27514636014956,6.021853480233339e+23,2.5304921217622666e+17,8.68239160877281e+16
187406555676640.12,0.0709061028073667,187.50532866971244,6.021491873282725e+23,3.792420679306186e+19,6.110145609288242e+18
28815725471214.0,0.09423430900489588,140.15219608969997,6.021913194177195e+23,3.948926447823458e+18,4.9013024459053306e+17
152630827001390.38,53.77421791508156,209.69242771955064,6.021922633653941e+23,1.2293438615715223e+18,2.18397989582379e+17
92674931237100.33,41269.45452857465,91.07529752469205,6.0219727528974115e+23,1.3055414175441086e+16,1086629084022029.2
435906775694299.25,19.43437976033941,149.67315170409557,6.021904726742548e+23,4.4033774512874317e+18,5.801232267891144e+17
72548005450906.84,152965.19124222524,349.3308308208451,6.0218958150968404e+23,1.6136370897053438e+16,4373631931886737.0
84580102821761.7,1193.5078650237338,266.0298604418697,6.02191859536619e+23,1.7443120400859616e+17,3.793708634689852e+16
46181141644425.05,265119.36191037693,84.11787648278799,6.021974940028814e+23,2386272545281077.0,184263690844720.3
325104655276812.75,496712.96088088985,167.0298288597282,6.021950026669833e+23,2.2561478997620496e+16,3280508528245939.0
855950726061959.5,68481.37879816085,443.07841894807973,6.021863170111704e+23,3.3336784284366355e+17,1.08125432739595e+17
226227663200892.6,35.91692132279402,215.5662676862944,6.021907953755541e+23,2.27986347543791e+18,4.1482371363755994e+17
910908599831116.8,154.34409634006275,249.49588549377896,6.021863043942695e+23,4.971773724985299e+18,1.0247521370161458e+18
35776450294378.26,218892.67285949332,65.46908346149363,6.02198049874077e+23,1611631157064104.0,98026396044528.12
101314189028806.72,0.030681088756734635,342.7096078937138,6.0212185810687456e+23,4.9642258061349585e+19,1.3255084653891547e+19
194656028995770.72,0.23345980660971263,365.22748693972187,6.0213869790104755e+23,3.6142628621388493e+19,1.0141011342603788e+19
81858223971405.03,0.5214147253761181,239.80996499352258,6.021835446753822e+23,7.452651877708322e+18,1.4855336712628905e+18
233193417401148.03,25965.1637709012,351.35220255185436,6.021893692756111e+23,1.2640023667132906e+17,3.441452691466882e+16
26936358743046.734,1601.1001544463363,462.26981540814364,6.0218613596589003e+23,7.045216181011648e+16,2.356015274979488e+16
571287384484915.2,0.5848592035228413,67.08546728156335,6.021808258634171e+23,1.6107682203141112e+19,1.0028888669418414e+18
136172902368539.58,18344.975371624438,23.992755688660488,6.021992776880866e+23,8079151665129999.0,184971423310716.3
26028535049940.316,9.424711144406398,427.793895324482,6.021860254043205e+23,8.450252391578451e+17,2.6713296509791478e+17
405273485374762.5,5356.556181638748,117.69168752383204,6.021962740210981e+23,1.9974113245806355e+17,2.11197191955375e+16
12347438157535.994,26.807678128201793,172.13851247106285,6.0219473632684586e+23,1.196452930055128e+17,1.7870595542010292e+16
521446416600471.8,0.04869554333138499,314.0416935122881,6.0193634174215224e+23,1.904865401301735e+20,4.745433256056164e+19
107513733560772.48,0.19573728946388597,223.32782751513398,6.0217475110047525e+23,1.509940065080575e+19,2.832311671416826e+18
36076353318234.12,14.126515026373465,184.53303033283706,6.0219390103314276e+23,5.104254025606847e+17,8.108560338765816e+16
25288550309080.05,0.07190355828036586,350.25280808080396,6.021782540512199e+23,8.21903937509561e+18,2.2323047082977057e+18
18350916489410.453,5.449421194898974,460.07675262386283,6.021850682006368e+23,8.202928258902298e+17,2.7338439222211235e+17
239747243498341.44,6157.714006256617,415.2935764751358,6.0218720573927465e+23,2.9872511784793414e+17,9.238664394302274e+16
32744398223026.312,554.5887203805471,318.4567439443873,6.0219037076575845e+23,1.1325178887072638e+17,2.8528937726583464e+16
756720333009434.5,37.40037076573824,22.99919595224857,6.0219834003635335e+23,9.540657001757722e+17,2.095215056976735e+16
765640909873206.1,811385.8527157351,236.0722871932933,6.021929055578564e+23,5.519321572473415e+16,1.0855784476469464e+16
259194488770985.9,819662.0386742813,161.3156191459579,6.0219518330497155e+23,1.3594577491201046e+16,1916039319226297.0
129842937688165.17,199225.30711137006,17.304678023738486,6.0219948327343665e+23,1696912450276227.5,28142257352585.82
54172355873795.695,709.4390516255588,345.83537600458664,6.0218946664769646e+23,1.7568578063192768e+17,4.724478269174168e+16
273246282090789.16,992210.6335298078,390.02714405009954,6.0218835591423894e+23,2.5732709714190944e+16,7592228820982730.0
279255672331997.6,0.04146153484573951,493.29261119774657,6.019534715915602e+23,1.4927446454020342e+20,5.226797768769259e+19
402806691838123.4,20.682726338572923,468.41901428272257,6.0217183878748645e+23,9.345148625384405e+18,3.154773903745022e+18
93494116440288.53,1.2878762563188075,28.57363320394585,6.021983427162244e+23,7.849718893057029e+17,2.1339942854459784e+16
31227694672942.562,24462.31994753467,396.1550127490859,6.021881831089455e+23,1.8925166875577036e+16,5649901612455021.0
13895551975166.86,722317.269238939,459.2694727204845,6.0218632934924604e+23,1704221119870405.2,567261989712852.1
762192191613648.6,150694.39861957004,320.52608003543264,6.021902452418161e+23,1.6067219312665987e+17,4.068467117078238e+16
135382703594259.66,0.13574285594312385,384.9930865614505,6.021400531900787e+23,3.4169017290789093e+19,9.982499538433882e+18
948262067099473.4,69574.93804732941,138.66370636706333,6.0219570239616124e+23,1.4983692585168448e+17,1.8417342985352348e+16
16332764990791.57,0.04125951827150318,356.35040102562715,6.02179573336002e+23,7.0923517186522e+18,1.9523827463973412e+18
88682157010026.02,59.8618711465669,43.175222068004125,6.021985454396765e+23,1.6272809703231782e+17,6621823936145880.0
24848418622491.035,17.321152132103638,72.43314457561922,6.02197696096791e+23,1.3830230225900834e+17,9265340643305666.0
417837701076410.9,44284.6619750358,312.13207079671054,6.021904983331674e+23,1.593878186284357e+17,3.950993883953683e+16
247384048272920.66,464566.4543656264,73.79405973905706,6.021977946521261e+23,8554440751232997.0,583347591685281.6
203160781382284.34,624.5190871874131,402.9242923066399,6.021868859856287e+23,7.792706342347891e+17,2.356261678746243e+17
20937510986872.25,14.52145686905739,418.83926749445436,6.0218674632464085e+23,5.401897593558065e+17,1.681212609282209e+17
264427892691755.44,34.77558410555272,219.61288567936614,6.0219008870056425e+23,2.749005492644425e+18,5.08268083315062e+17
106079137318302.11,34544.07455521342,21.920424685139956,6.0219934334223955e+23,4198667368792395.5,87942889893642.7
24944821923290.98,54873.93676108568,354.32094287943613,6.021894422806579e+23,9355573839230122.0,2563973598193235.0
255950617445977.94,508577.43202320003,357.2343399483041,6.021893245624128e+23,3.1711780402605576e+16,8746423465851962.0
452307658923660.4,114.5820873300703,188.22544758630082,6.021916720562226e+23,2.2842589558127718e+18,3.692673409232037e+17
10211947566009.232,307.598823027774,35.80755952961484,6.021989271922624e+23,6904297240328690.0,234120444470807.94
295008677038741.5,203.81637625453308,312.9195002899803,6.021884709059064e+23,1.6618226714536271e+18,4.1277733115678304e+17
432797955796567.7,1.1728762457741242,177.59501975412,6.021703875390241e+23,2.0581818652153508e+19,3.160626515648165e+18
15132004091326.84,378005.49266213813,394.2624309602947,6.021882632184622e+23,2325477565996533.0,691741640031713.5
23329897709649.99,1.2354100021305972,339.3461102338844,6.02187459377536e+23,1.789071245071663e+18,4.7400214835011776e+17
33775144689740.72,143.95139038984954,158.73799171054878,6.0219512267494076e+23,1.3184996615321842e+17,1.831628745894731e+16
15502594666245.268,8.10563655340846,425.41719997799953,6.021865453553248e+23,5.40766182785429e+17,1.7024954916325715e+17
424777374865132.94,889.5626126958296,466.50705953996425,6.021838391607115e+23,1.4989255921700244e+18,5.0453912608559686e+17
348396965693399.0,31.928558469728774,83.51582654058781,6.021957494266955e+23,1.6296231830125542e+18,1.249843577918089e+17
14729832176085.75,21705.692482855025,114.3586210484308,6.021965926851596e+23,3515173159906830.0,361924524706829.56
35232303326901.31,916124.5749602315,293.76815150428,6.0219125357840304e+23,2826063056391518.5,666973863690019.1
773335942182373.8,251351.651579445,170.64470937518405,6.021948312708675e+23,7.682180349292096e+16,1.1385605490367382e+16
372950241738543.3,51784.08129667188,196.3760736225468,6.021940453981252e+23,9.17520247181746e+16,1.5394660066768824e+16
52637299354100.82,0.1439527263315161,317.7740133612861,6.0217543152047226e+23,1.1282289383435252e+19,2.837222949618476e+18
211354484068394.84,627.8947510954389,37.58784352300939,6.021987726817758e+23,1.0481017956700272e+17,3726464707097730.0
755823367988934.6,8762.415854797957,24.684286043250044,6.021991970570493e+23,6.671041595774939e+16,1570648239623263.5
144047279906852.47,1145.881480545722,237.2299824498008,6.021925938554283e+23,2.7738552032531274e+17,5.478550807024786e+16
486749324251935.06,60.88752938432392,332.24548957283463,6.0218300817143277e+23,5.237725315877788e+18,1.36471347409e+18
25319027903103.348,9.667117952475538,214.78988259494926,6.021930081692081e+23,4.9039858270925824e+17,8.895094965149541e+16
35057223579338.758,267680.18168080715,80.58922839730258,6.021975997321794e+23,1732925814672398.8,128491225801602.03
145253292279802.94,6.121186039862112,139.31166590243888,6.02193050457853e+23,2.456904466657812e+18,3.032783952977668e+17
110578195512500.98,22434.46756096686,181.41776995640618,6.0219455497491e+23,3.870602929902373e+16,6056991137362714.0
340936860903289.3,2.217666705173519,198.5763887361701,6.021785070289032e+23,1.2934647971973108e+19,2.191505964313035e+18
542436834249475.06,1698.1693725244918,356.77762792726793,6.0218777234138445e+23,1.1620255672375685e+18,3.201798029786748e+17
22093022674593.04,1741.1766380025638,20.897952977668204,6.021993742675748e+23,3716928223522304.0,74270302531121.75
524839253664103.25,7.841735452353065,343.5466483046304,6.021677057825069e+23,1.611391594110221e+19,4.31080666873604e+18
60977747898657.2,0.027464580630799793,123.47887150982115,6.021807518121853e+23,1.3849912868389896e+19,1.5307581870926776e+18
337818472647727.0,12220.53080232336,121.61471623036267,6.0219625326835276e+23,1.1348890176103326e+17,1.2368669542381004e+16
420040254917322.8,31.742634695610374,22.35216842971749,6.021987635640004e+23,5.5902053770264525e+17,1.1936214773931674e+16
660621710627892.0,1.9469367145876086,225.44448322137652,6.0215670489360635e+23,2.963962680220276e+19,5.60493375810576e+18
15885276723064.084,1991.4340445462583,491.0961710400674,6.0218532483570254e+23,3.865061308000099e+16,1.3490366048457428e+16
994572179231819.9,41.03924332983068,405.4114723495651,6.0216636080774775e+23,1.4942064044372478e+19,4.538904459407877e+18
448196657105473.0,12280.024207071441,351.3565001544223,6.021890563314156e+23,3.5326427172978285e+17,9.618288923707482e+16
614051493816632.9,1.851717746587078,448.07159012580473,6.02117363542906e+23,4.63141985184078e+19,1.5144550241182923e+19
43569508686368.61,6.828799505261436,90.85298500254561,6.021967769163214e+23,4.760827748691102e+17,3.953427839946275e+16
525357910731314.75,1859.0824152086075,75.45409984074197,6.0219743929130474e+23,2.9317655557033606e+17,2.042032954578551e+16
742658545710295.8,0.4178494132577343,339.19659793909887,6.0205634157570294e+23,9.788404478290472e+19,2.5925682483642245e+19
247348038296510.12,1.0257739745781354,456.11622224191603,6.021482447158731e+23,2.534676176025756e+19,8.395298329410551e+18
65238228391822.05,3.2295775123965846,52.75682267156481,6.021977734387494e+23,6.24027988227115e+17,3.083757149050216e+16
32253552935296.85,22.746773948749127,453.19110823807046,6.021854623012434e+23,6.990872789009437e+17,2.3047760438920246e+17
23322640958572.637,758.2233849432747,90.86883330667584,6.0219726929403096e+23,2.4189148754258224e+16,2009015109214424.8
35976066707201.5,15.804499235256158,302.2452147466504,6.021900674658005e+23,7.095274752339732e+17,1.7137096059927917e+17
904812096159548.9,149.85983600366032,329.59178870843374,6.021818409907564e+23,6.17067243399969e+18,1.5976077489668792e+18
200598618304365.94,2047.6507555454873,123.90526139691461,6.021961242119101e+23,1.6737581211478128e+17,1.8557902409595156e+16
141856002650177.7,1.7212656979402494,364.44155575142975,6.021756472292368e+23,9.686193778671722e+18,2.7132340982205957e+18
39980050705701.44,551.5000966474836,52.74992425780955,6.0219839933897196e+23,2.9261164272435976e+16,1445815134709013.2
34512664129654.57,23071.974400760857,96.1870518592181,6.021971299107075e+23,6834524433673756.0,598810532461678.4
61786238380981.445,1.6827420367437647,241.74298017778003,6.021888587905268e+23,3.1510935742011796e+18,6.323941833367912e+17
59337529872872.76,65658.46281344797,419.91930593019435,6.021874696590847e+23,2.280528855048083e+16,7111151051789822.0
40541136093645.42,16593.731792566792,467.3200498047431,6.021860419239958e+23,3.3158637739230156e+16,1.1175070209054936e+16
13815587590694.477,228849.00962521904,164.6752593597766,6.021950975204861e+23,1395610925306910.8,200366142831016.75
30723605059628.44,37753.49756474472,192.06404873904538,6.021942736353009e+23,8691913864791097.0,1430269918978562.8
72724935120016.97,64020.02844340659,413.5031282116905,6.021876531984207e+23,2.8024046431733024e+16,8639197952231383.0
836921795438334.4,466.54977738528135,233.15644255198237,6.02189964477122e+23,2.491414741375164e+18,4.8487074163921766e+17
34925286838476.547,29040.49538125661,377.51787872126175,6.0218873834609756e+23,1.8807557085809692e+16,5412989285006144.0
27181802544081.92,4224.53714984585,38.84256549664017,6.0219883844672986e+23,5363682162047827.0,196908930960067.9
26965374054529.652,3.12638279102023,295.913433750634,6.021896465613825e+23,1.1771867665502418e+18,2.7947742564974566e+17
87487223525174.12,138.600187173578,270.33089902424183,6.0219126618913804e+23,5.35972147437688e+17,1.1813248571909893e+17
115027303101496.03,0.3120745928623633,192.95750673915938,6.0218063869397945e+23,1.1361906674397729e+19,1.8772596197039002e+18
488281891975603.8,939130.6795458142,429.07929599713225,6.0218715628223104e+23,5.0315063946571784e+16,1.594092680359762e+16
13198924884643.041,0.7980223389949345,409.35346497774805,6.021857442701492e+23,1.4311074636984005e+18,4.378762337020741e+17
111277647304839.28,0.34313872226187775,13.556509366961548,6.021987138058163e+23,8.712449121696589e+17,1.1346886656568584e+16
30748208732359.277,1034.8508014219115,87.09129973722453,6.021973795635662e+23,2.6255878415991076e+16,2095091107569411.5
33300837996841.816,0.18309676262201718,96.92782669206466,6.021945296834789e+23,2.3573053703012777e+18,2.0802839666441978e+17
165951556732172.34,321.1285874954854,219.22883444497663,6.0219277970583695e+23,5.6694186298954906e+17,1.0466489546337398e+17
29608203282736.13,0.8105275344211097,414.67890298521456,6.021829843639969e+23,3.2124431374382725e+18,9.924199383272916e+17
169324937941141.0,9918.869373042893,464.78636372047987,6.021858968787396e+23,1.7852932410180854e+17,5.993476903398951e+16
562747977389977.3,0.8897542753948355,422.696471196728,6.021009871523812e+23,5.899920773626283e+19,1.8487485257716244e+19
10155672305821.314,5574.9153399352035,214.5326138484978,6.0219360536714354e+23,8183154672941650.0,1482765447513092.2
19387783305497.805,4.148534593580672,185.4750060478393,6.021938749716619e+23,5.083307712073661e+17,8.111642489233891e+16
16384916458562.326,223338.55898022858,15.715584957781594,6.021995321048574e+23,183953504001725.06,2773452754424.647
851017167828916.9,460695.24475343013,452.9600452304892,6.021863250244289e+23,1.2957083910279907e+17,4.270166757282136e+16
528408170481421.9,10.094590917133607,18.54443598906345,6.0219839091712447e+23,1.038411361856482e+18,1.844043241568397e+16
35565979927857.914,185.27524842352258,463.93602042879564,6.021857775304308e+23,2.7406614842502982e+17,9.188752859561712e+16
198887999635797.25,291512.37147363793,185.73783067149347,6.021944488643468e+23,1.9695040340603476e+16,3146744938905439.0
876302668176904.0,4.453125681542787,302.2113254565593,6.021479906440957e+23,3.255480516180446e+19,7.862287281194884e+18
30787803254663.676,334798.8087872162,139.62223985244074,6.021958421966842e+23,2231054365430347.2,275958575273986.44
28921994564110.645,0.48473926677543966,437.2992223327058,6.021807591108655e+23,4.1987677862346655e+18,1.3488818551727488e+18
150457010231513.5,332.0217961028818,267.15156926564407,6.0219129327920564e+23,5.901918578137386e+17,1.288110531659562e+17
174991336432738.62,238.82921684486575,436.2288386229986,6.021853244852099e+23,1.1427356840369649e+18,3.6645443885612826e+17
185860834471111.78,113887.10405589697,247.59953868696257,6.021925845398687e+23,3.7124054238639224e+16,7602721834754293.0
84813261471120.45,2875.3930477136214,430.05676307992985,6.0218696814284374e+23,1.5817533013271722e+17,5.019727566608079e+16
69190334810847.33,0.046351880795802436,240.92862013923678,6.021662899495581e+23,2.1204691636234072e+19,4.243454747946679e+18
43957685638205.95,819.4978735514898,217.74126891195795,6.021934052713445e+23,9.349383195522533e+16,1.7159244899099244e+16
10111563853563.613,7.022769923899396,394.68690316088714,6.021877377081207e+23,3.607778462322713e+17,1.0740500885768091e+17
15855561429792.03,0.32615926281852725,276.5173676457707,6.021891392224795e+23,2.0370288370402708e+18,4.5746496502011776e+17
268133686153822.88,4407.284800595375,127.26416981249038,6.0219603633651645e+23,1.5614152465205936e+17,1.774341067218639e+16
987219144569143.4,0.0306795282951468,253.86655412886293,6.0170218565342174e+23,3.871982155194929e+20,8.099229357448258e+19
21470828176199.11,215.53627692205353,170.11071164859518,6.021948521119317e+23,7.264354627747888e+16,1.0736316746296728e+16
323921752008408.3,24719.374502802075,270.60693442215654,6.021917554689195e+23,1.4870932952039942e+17,3.2804462194162932e+16
24270340994331.117,2.1290639276836156,131.65464743056833,6.021953312302601e+23,6.625110710002683e+17,7.766434576167298e+16
55694828249902.59,2.4682094321035595,291.44520262985196,6.0218778492292656e+23,2.705693404624697e+18,6.344430422739324e+17
489360146537195.7,1.246374074732196,37.07977255584998,6.02193325236396e+23,5.375746149823441e+18,1.8861013060083485e+17
222779457134819.3,575.6440999309276,50.30183406414077,6.021983428774765e+23,1.5254374009090016e+17,7198845695314662.0
541407127038752.75,14.993909983591347,222.08412370047105,6.021827470292202e+23,8.648937666660289e+18,1.6145821987140347e+18
218367923294190.12,0.03208637772500094,436.4804803775336,6.020046493450831e+23,1.2305138866514693e+20,3.947902406061018e+19
37366170060412.336,0.28077442428758975,22.564409629147825,6.021987830385802e+23,5.336712230748778e+17,1.15015770652524e+16
98566379671957.22,1.741983423276528,342.4869241743548,6.021810403465511e+23,6.406904765973144e+18,1.7098185063187164e+18
781103225782692.5,1.2219346152680262,285.3113024284343,6.021224077563913e+23,5.307842155522456e+19,1.2231463190494136e+19
528136503490056.44,487.2602077203803,276.3269990385347,6.0218951015458694e+23,1.7545679088774356e+18,3.9380733126639654e+17
19454764972715.586,223971.52072115158,455.31154298329216,6.021864432959646e+23,4261944869392554.5,1409824462982244.5
663358899396394.2,42776.338515379495,279.13604906770144,6.021913858611879e+23,2.3701061677411635e+17,5.364203396776939e+16
19357748146461.06,3605.3660052985483,81.08937160078396,6.0219757775838366e+23,8292254639544322.0,618462577873556.2
365947823527271.56,32.34532564032472,475.2038199800671,6.021753769590651e+23,6.849001610694159e+18,2.3358427265368054e+18
14060927612675.424,1.2482444363674416,203.38851430602494,6.021930696201935e+23,7.251086453019525e+17,1.2544701550332646e+17
209557065676849.03,0.03926479089372844,327.10873318556804,6.020717001187094e+23,8.780601399434953e+19,2.2597829790766342e+19
211271238374553.22,4101.45632053384,375.27369553405015,6.021884073037105e+23,3.0151363112986963e+17,8.63831493043924e+16
994028355163303.4,44345.279626656105,237.64912949051967,6.021925428903412e+23,3.08125289850724e+17,6.094817540981207e+16
58608695355856.24,24626.779547785514,392.87453044520146,6.021882575547352e+23,3.5204816861313228e+16,1.0444236242964724e+16
319067912799981.3,4.422549623201583,193.3584597761998,6.021841897505645e+23,8.386309052498757e+18,1.388143355383504e+18
50178116029257.875,1780.6791315370551,42.2061012103698,6.0219872671031024e+23,1.6518323310643278e+16,657496108732535.0
35816043106420.336,5578.112747115156,374.47704343366695,6.021887938074309e+23,4.376650517373018e+16,1.2518617679759318e+16
10341651162426.078,353027.8681554324,411.84672930408607,6.021877407749079e+23,1692594384944309.8,520233045283637.5
36249273799576.586,18.209141084016046,402.56014100866446,6.021868474357134e+23,8.137981706395149e+17,2.4589933020731264e+17
482810102314049.25,1311.213857050249,189.51743638861777,6.021934936747672e+23,7.248867768669549e+17,1.1789065974369754e+17
26915372492518.074,194.71922629785638,99.30650604220185,6.021969789075189e+23,5.972520539623628e+16,5391756418349958.0
515431946392079.2,824060.0635042458,195.41576039578626,6.021941462635563e+23,3.1659535207329308e+16,5289262303989146.0
19336004303610.586,0.05823436482793848,422.71155530067784,6.021758101877854e+23,7.924739122724829e+18,2.4832398886857953e+18
14520944693304.455,25.467675689546304,35.03628625946479,6.021989227360244e+23,3.340932592313138e+16,1109039797761295.9
82802913766725.06,0.052106395205711295,280.29447008347773,6.0215680774337034e+23,2.6888242764568797e+19,6.106409058060627e+18
422599847742267.7,286564.12371434405,218.2743998802951,6.0219344494691246e+23,4.816082444804036e+16,8857768673996812.0
914031755878725.6,8.807684699078,441.22618147765735,6.0214029112653765e+23,3.130566484768286e+19,1.0123015577041773e+19
13452843564685.39,13836.630986718827,71.01393929709936,6.021978837873717e+23,2600805059493284.0,170978934846586.4
172732452288351.72,15.285916345395076,452.124659632024,6.021796977563268e+23,4.5603737732641347e+18,1.5009308299230013e+18
83722601377164.6,486904.5318310798,82.3756373133374,6.021975450513054e+23,3131273597440094.0,237048690510702.16
772675119487462.6,464.7892173126579,414.008011354511,6.021825928669569e+23,3.497178626624152e+18,1.0790837711814164e+18
14534940994908.45,0.03443454899801443,19.069280829798593,6.0219892049114956e+23,5.026453313560589e+17,9175645040283100.0
16869940372025.39,38.33011859745747,228.8002392242762,6.0219297705598455e+23,1.7260803752555818e+17,3.305580812289768e+16
614872927487703.2,48.09484646525753,319.0053193797845,6.021808114605416e+23,7.230462460278453e+18,1.823920522585594e+18
16760182845352.826,715511.9707457365,16.29623653638952,6.021995149002978e+23,108950597617234.42,1702691824618.819
82163150552125.88,564533.8703942721,241.5652592327785,6.0219280181015317e+23,7230386625839658.0,1450163687161675.8
633069060290541.2,0.08600876406393548,427.06721354937724,6.0187137827322186e+23,2.1484759684842357e+20,6.783981248658472e+19
254159050945282.2,17.88093104632426,158.74799250397137,6.0219200494955146e+23,2.8152919417191163e+18,3.9111622952313005e+17
47501970003181.734,515.0482088807834,21.585744701147974,6.021993421040649e+23,1.5167496458670118e+16,312906920887662.44
352017333232199.2,30.04152465046644,231.49150599299082,6.0218801448660046e+23,4.1062789919582275e+18,7.942809412911909e+17
440477086576034.94,11826.401897269761,161.34947293646144,6.021949741144204e+23,1.923675934846125e+17,2.7117671286622716e+16
49463488109614.195,628.4582040579445,123.43782096574499,6.0219624291712644e+23,7.424832815554842e+16,8203729716117526.0
835534085615109.9,619884.4363616436,283.09851462150345,6.0219147183736734e+23,7.925641963184242e+16,1.814720889769992e+16
95896419111314.25,28.914462676550087,181.9576888798848,6.0219347251017365e+23,9.373203911781722e+17,1.4706449059232147e+17
192136767090415.72,0.06504724221074458,63.002701688366976,6.02181855976943e+23,1.5314879331357477e+19,8.978535549285962e+17
21169336954414.184,44656.65176115626,430.93448147720073,6.021871603796702e+23,1.0031241142131208e+16,3188202716315291.5
91197318347415.12,1107.7744813962795,276.94754239654867,6.021914977604709e+23,2.0127872653660614e+17,4.526011339567557e+16
81368653759771.52,13081.510940731652,109.21415155442357,6.021967230741658e+23,2.4002759259740756e+16,2367961881063500.0
433062278046284.56,0.04027613844660475,433.24903362054476,6.0186673584387316e+23,2.1675641227115132e+20,6.916856628666429e+19
789244439567803.9,6009.744358923103,67.11893225635922,6.0219776826064466e+23,2.196325307991777e+17,1.368111837825729e+16
872292801508258.2,276.4924280397898,436.82421271010907,6.02179145218856e+23,5.298680775986061e+18,1.700886727032448e+18
13569328527089.234,14.977896169009702,248.0039331838489,6.021923211900117e+23,2.3664086141415706e+17,4.8528983154614584e+16
20814936695930.89,0.22476319450325893,185.48042718287337,6.0219168859805e+23,2.344702842938616e+18,3.741637212366177e+17
16549688960168.375,299728.75937608344,227.23935269319827,6.021932348559219e+23,1904491728437796.5,362595440740252.5
13288331622202.86,234158.8359001286,140.5564427329812,6.0219581561773814e+23,1158135290826285.8,144121846188998.3
41696814019766.51,36908.13875970569,322.9857841942957,6.02190363729036e+23,1.7859047267527536e+16,4549869305876382.0
12455819208507.682,5072.077655802382,112.74116034547731,6.021966379821235e+23,6071339877425753.0,616906941940607.8
20583200734299.78,653169.19717609,182.98937488447532,6.021945525149265e+23,1344901498162678.5,212070538364156.47
14536669690927.54,0.9997960130323824,436.83488064414473,6.021848227243411e+23,1.4684710373358587e+18,4.7138966091188224e+17
18614062763798.84,59.67585158691388,453.3182036741587,6.0218613462285504e+23,2.4913336853504054e+17,8.215176906990314e+16
115295729387882.3,3.0818837728615414,57.64677942867733,6.021969866355705e+23,1.2278759272204572e+18,6.609348261379566e+16
78586443613411.86,0.10573440541108942,426.2665092220101,6.0215200293059296e+23,2.4031525132448543e+19,7.577050634610108e+18
25353248305426.855,440309.96357816603,487.7591661983058,6.02185477678583e+23,4131650910761144.5,1435218923104357.0
554419720915712.7,61.60973592992831,254.4704034359541,6.021862657220212e+23,4.863460654088285e+18,1.0192055143700163e+18
26423250742802.63,186.95885759754427,425.6075480974432,6.021870517869286e+23,1.9197168440491978e+17,6.0458408408140984e+16
30584508328073.02,0.09348134576463114,379.41118260592094,6.021756993517706e+23,9.210865530575733e+18,2.661140377383861e+18
453938171294441.0,3869.1643931389067,123.24841463641502,6.0219602373382055e+23,2.7424442871649536e+17,3.025856122652789e+16
72261751613838.8,313490.84403698734,224.12033177332071,6.021933201192404e+23,8042010996404379.0,1513087239384098.8
84889066238017.25,21.510390550820723,277.54629661406767,6.021899987693134e+23,1.34671864661854e+18,3.033674040551174e+17
36930387294946.44,10481.09443466616,179.87919323828612,6.0219462443125656e+23,1.8778398942646932e+16,2916509660357093.0
200433021408259.56,179747.99237788073,40.74685583085103,6.021987807387046e+23,6349017925105750.0,244208907121135.88
15805252703917.113,1525.7524803743586,115.26759908509405,6.0219655356514385e+23,1.4327323233052916e+16,1486009880481143.0
62059671593554.16,396.58414877817535,98.0912070295665,6.021969759520841e+23,9.542256167716106e+16,8515591602306953.0
48099317292104.484,541443.9658991403,417.4388413455113,6.0218756745646265e+23,6412760550506731.0,1990871277460094.2
10571302290983.055,0.036092253216002804,105.37422839435025,6.0219485412397295e+23,1.8178981073323238e+18,1.734635826176652e+17
706486636734304.2,1454.3297160777167,415.0537334863024,6.0218501218646035e+23,1.8106568767327368e+18,5.5974149348988755e+17
579056971042454.4,11085.194357215725,190.10222335490158,6.021939840484712e+23,2.9976944441902016e+17,4.8884704749225896e+16
88528804640964.73,97.02240758711592,214.48618440577866,6.0219295597188956e+23,5.406344756485761e+17,9.794320385055352e+16
123634060991349.12,0.09595940939606537,102.85332340647831,6.0218286821380726e+23,1.2756961527407483e+19,1.1900734067587005e+18
25157944464444.082,7545.504165106786,431.8662896845882,6.0218710457304704e+23,2.904165645078242e+16,9244866396582392.0
83089199011792.81,31.79007525110709,286.0872882517078,6.021900407503165e+23,1.1092819178257324e+18,2.5618954220327107e+17
21546878175302.496,1159.7804513826263,103.45382792212645,6.021968987015952e+23,2.0330051739412676e+16,1906883633147625.0
47790126232773.79,2242.216681932964,451.14961610221116,6.0218641749971464e+23,1.040370599380076e+17,3.4187772606944536e+16
312230430607857.06,0.2587315812807649,465.4114509403473,6.02088232716823e+23,6.450440498857447e+19,2.167642506911234e+19
13722047386350.143,80237.25562704263,319.13091678928885,6.021904971808159e+23,3951738629837283.0,997157124670116.1
427799437926004.5,1.009541389072992,337.25841993052444,6.021407444041554e+23,3.6131261487720415e+19,9.526396152641985e+18
142760356828547.1,0.030138890572818867,380.471348919468,6.0208144300381356e+23,7.585551508801903e+19,2.196300167685775e+19
238243322122345.6,4.234563355790741,184.78756105767934,6.021871673591105e+23,6.163662873543754e+18,9.80346147540799e+17
418025669071835.0,0.044841348736616195,139.20790959030194,6.021016672833591e+23,8.255196073347755e+19,1.0183499312420078e+19
33241209556686.363,453.33522976817267,188.75725222080345,6.021942814436633e+23,8.459660018553005e+16,1.3709654980499806e+16
25499554417627.742,34.34897638218237,276.2540215769426,6.021913665178134e+23,3.190025583570812e+17,7.1583480136996856e+16
22382318348652.92,74.58958226496604,399.7054562236614,6.021877494916686e+23,2.4710707109934688e+17,7.42684257482622e+16
381156627929919.8,368432.6647078301,393.13292616359064,6.0218821553976256e+23,5.9218677308761944e+16,1.757717790598512e+16
679577696082444.8,159.88272626821274,453.57397689046536,6.0217814564213156e+23,5.558760600106627e+18,1.8337517122495816e+18
170402781027167.2,0.05332960636786056,213.9639081013555,6.021395167337681e+23,4.429685643710443e+19,8.0082052003613e+18
61277995556138.1,50.98700161530208,374.54224354197424,6.021877516788425e+23,7.83310158782212e+17,2.2408169220976288e+17
26698138374552.016,0.11397484745102422,463.37608749513873,6.0217364915353196e+23,8.288522842861441e+18,2.776546597014248e+18
607318747279524.4,11.98509843068382,149.30949265487973,6.02186578227355e+23,7.795810068338472e+18,1.0248031676854661e+18
10495476362201.883,231954.8563003845,33.73203252241855,6.0219899585621497e+23,243913172981688.5,7801978837223.413
16963069494203.898,6135.684842184443,163.28096446584433,6.021951285252313e+23,1.0389759107266578e+16,1480331072966337.0
44954031316799.21,11.844334396549533,185.3094421856406,6.021936553683336e+23,6.970380841711182e+17,1.1114165239636488e+17
174023356296835.12,7378.979368552601,283.9940730061518,6.021913509567928e+23,1.516575675618664e+17,3.481499342036664e+16
677488717963304.8,10.203781795001857,323.0852206354292,6.02166897318167e+23,1.7455198956400726e+19,4.4481046198866985e+18
65235094578313.43,263971.8667284274,279.2885411420347,6.021916760486263e+23,9386472246667738.0,2125373574417075.8
91068726645285.22,169.39453031722567,61.38465515002781,6.0219802591735134e+23,1.3880690635883397e+17,7936960512190131.0
14120599231497.758,0.10240161651102117,396.11723274717133,6.0218221997648284e+23,4.182330794639665e+18,1.248501484503247e+18
277475238515571.9,121.73474175789036,30.167410103966006,6.0219884213769986e+23,2.5259929675606298e+17,7242637777617238.0
23977115694461.0,159307.56704354312,423.05227421005696,6.0218740104161794e+23,5944526563331362.0,1863836820603323.0
15543018689622.617,643.2368591384363,249.60682961013728,6.0219251910996e+23,4.1570382633115944e+16,8571431388582073.0
19202209681127.21,16.258095421736666,28.86344863490906,6.021990938840157e+23,4.582320268993338e+16,1258131278592299.2
185902516900270.12,47.618992452279265,53.33504661028018,6.021979201924822e+23,4.6791269576499494e+17,2.3367546273711652e+16
11397795347981.117,0.10513920011361359,298.2782710489018,6.021875291645713e+23,2.729318736946232e+18,6.521796811845491e+17
317533479229939.9,17.316154116623,354.4526391142758,6.021801803426092e+23,6.705720074159633e+18,1.8382957725276032e+18
90178106661936.56,60.601710390197916,391.22570099539166,6.021868034931637e+23,1.088885884970195e+18,3.2201453103359616e+17
43351003720480.805,0.6980256644613927,291.0082629297158,6.0218616366275907e+23,3.9557847201793997e+18,9.264344041070738e+17
18065168535543.05,49.07010565434686,283.28769030302385,6.0219131876798367e+23,1.9269783760635798e+17,4.4145926591427544e+16
10770834849514.21,245.57550913214746,116.4269927848377,6.021965076185158e+23,2.4554956438023904e+16,2570511700920833.0
594934088301008.1,5.790965632540438,422.45131852400397,6.021516294274636e+23,2.444098314139518e+19,7.655223674219032e+18
24546265266491.945,347735.2277347718,313.3678990836671,6.0219066951818674e+23,3351069999344530.5,833324387726858.2
11952517681295.031,1.7698566140276062,121.28710480300835,6.021960168867931e+23,3.328635840488412e+17,3.618724585957651e+16
789143013820083.5,21640.39434377665,386.6625009765967,6.0218778173619746e+23,5.003034497344095e+17,1.4664346316671098e+17
83510672376622.05,0.0306688046827189,281.9994158394585,6.021455148061395e+23,3.5508501166026146e+19,8.104469888728007e+18
97986549090732.84,0.027643376018625765,445.7194244172212,6.020967017632723e+23,6.028679518825116e+19,1.96386254039699e+19
11321180049110.572,8472.784121386834,160.15304665101274,6.0219522698243094e+23,5804418994626278.0,812790017168555.4
768148150742072.9,1.4688074817762076,250.9846935986917,6.0213800524688177e+23,4.3175060501041136e+19,8.943791493968532e+18
316829380046381.75,0.5974809675474225,164.91268583976162,6.021719224686915e+23,1.9831483969376596e+19,2.8508737863877074e+18
10501179008914.318,2.057870053869066,207.82863546756244,6.02193293396488e+23,4.292418021105483e+17,7.566823984619523e+16
12669781181619.904,5.441248814305691,475.4361476688442,6.0218496565516934e+23,5.783183347232673e+17,1.973024090234135e+17
753719388632393.8,65.03061897244686,44.53915082699111,6.021972475443136e+23,1.3670774305735526e+18,5.73368236274715e+16
15489761749881.254,77.04951342088106,259.9477713402797,6.0219210655662405e+23,1.2351725354914637e+17,2.635056699006801e+16
65125322194839.93,10753.587201613393,96.17198739885333,6.021971171474661e+23,1.888789311678142e+16,1654629737715915.8
414768454041737.44,0.042164848998588744,458.3131352528388,6.0186912490813714e+23,2.102092469863256e+20,6.987147416538683e+19
46048850431537.98,64875.06908493995,303.4260604004747,6.021909510585049e+23,1.4215786845566426e+16,3444372570777782.0
26270042192313.254,21.90880373879938,237.63619532513843,6.0219247063161327e+23,3.6634061573720934e+17,7.246000517460715e+16
280107768366912.72,2993.1343902622434,327.2147864435345,6.021896876513058e+23,4.252393925463622e+17,1.0946446355092515e+17
150803456644562.0,0.13930552279570935,128.26641059640718,6.02178418560454e+23,1.5728070535456815e+19,1.8002154400640212e+18
174012805065708.16,0.30402065396019434,358.87637411341467,6.021504986992101e+23,2.7972860409115103e+19,7.742805698287591e+18
57799998147864.984,12944.072541403695,251.92984759892838,6.0219245853883944e+23,3.47096902895868e+16,7212830233680147.0
211770431755804.75,40.165828923637505,471.9567631572751,6.0218054879203184e+23,3.541895511305587e+18,1.202098453910941e+18
16561115356001.822,335016.3893290781,260.174303846357,6.021922544997759e+23,2004081519313460.8,427852329944780.75
39654140057817.17,563171.1486696933,318.6771273447747,6.021905102129034e+23,4306050664699512.0,1085325696627958.0
301944508842698.5,109.08081814886232,78.59225838789058,6.021968822028051e+23,7.22411978896403e+17,5.230448545116053e+16
543838129731657.94,814446.6238684916,196.38892337026235,6.021941147685105e+23,3.3738410567990132e+16,5661140410897761.0
27144720850874.895,0.4183069733516641,15.249385317561192,6.021993267830729e+23,2.161725135813097e+17,3163485909453487.5
147811425069367.44,100.75423577683597,193.52706942413323,6.02193263657378e+23,8.145465539317624e+17,1.3493053034506112e+17
84912942476180.45,108.4195579189059,410.6634619306815,6.0218663053015124e+23,7.915350216730821e+17,2.427639357718988e+17
161860629199338.16,0.3047059286132459,206.9671537820474,6.021730385967941e+23,1.7135639444399348e+19,3.0098720146059566e+18
15044694933647.602,11603.373491057262,87.71080379411684,6.021973854618995e+23,3861551052146220.0,310201284772904.3
101478892754802.12,53643.06840984504,69.8601027977673,6.021979104182275e+23,9812688996129272.0,635083629732608.0
457656769538076.3,73931.2451400513,205.17033249208234,6.021937756233751e+23,9.766807103663696e+16,1.702575682131442e+16
52322483535984.71,892442.0528021792,363.8167682942604,6.021891657082697e+23,4955874362356604.0,1386362137320491.5
53886140992901.945,18.383425817033924,53.59427894533335,6.021981741086472e+23,2.1929672149454714e+17,1.1003062659168668e+16
16363157966473.21,617845.1522848149,224.6705358166588,6.021933120565656e+23,1299708392301315.2,245052228980380.12
95686277838519.3,217622.2710431551,184.6645273179608,6.021944912754945e+23,1.09139684716136e+16,1734870704863557.8
12410838279301.363,251.59935292103177,492.9070375544915,6.021851986707452e+23,8.514251759397672e+16,2.979411201172758e+16
48729468591245.94,45201.16430552274,424.24544338616573,6.0218734091363715e+23,2.2721881501145784e+16,7139002277564578.0
17478315834119.78,4197.520416818646,190.27397866386477,6.021943197235884e+23,1.471517291744015e+16,2401572595851171.0
31809836839511.473,0.08487986438114882,178.95360450954993,6.021879768142581e+23,5.659279606711351e+18,8.749481576169403e+17
686314782724313.0,109.286956378704,17.238682765974986,6.021990990306744e+23,3.815228744513803e+17,6303462967048180.0
12195832073632.262,0.9910090851559978,170.5845479770418,6.021942069428644e+23,6.099585807799338e+17,9.037234857850394e+16
723963434973451.5,496.1721882577843,91.6056049651566,6.021962532011679e+23,9.35077512915221e+17,7.825497052999776e+16
499744510615277.8,0.15928810805072027,223.55848210589414,6.020974019717023e+23,7.786050510657407e+19,1.4618167884102427e+19
123136669900816.62,55.984824303340964,236.61882637722164,6.0219162329437365e+23,1.0705766839287094e+18,2.1098302271193693e+17
16296381725237.068,1.0020967220335548,132.39953875648752,6.021953208848488e+23,6.516255212489956e+17,7.678385842324379e+16
127797206266955.23,3.4465538366231785,230.0801197559637,6.0218772373744986e+23,4.3799389110446305e+18,8.428028773813033e+17
76413689721692.11,1323.409916592642,21.442882281142452,6.0219934640374224e+23,1.5122585202757392e+16,309944210164648.44
80822709624380.38,6075.525542643385,54.00298795287139,6.021983736351619e+23,1.8223850876717536e+16,921099489548719.5
23029422578372.76,83822.39922978432,467.6599092415294,6.021860694718482e+23,8384357870650842.0,2827146782054450.5
13037157851391.617,13447.636712583784,350.8186077831012,6.0218954592507556e+23,9809037571061812.0,2667503152492362.5
40492338030811.445,65537.32700890845,60.1941034209045,6.021982053137423e+23,3080388251227147.0,172852523344588.94
111504360997809.38,0.6995973238900114,177.12114943268162,6.0218663509800633e+23,6.85056367547279e+18,1.0495048610696157e+18
18522005354218.996,10711.8491574776,400.39186680656127,6.0218805957019993e+23,1.708316461855675e+16,5140998978239778.0
84900732489082.47,712.6913299211067,35.081847599872766,6.0219891769334055e+23,3.697205809463224e+16,1228866383434255.0
61240747092950.07,22631.672163700427,356.8306504133441,6.021893307331647e+23,3.5940537694283572e+16,9904049290881734.0
22351058663920.82,822144.576869804,70.78801785570022,6.0219789269672745e+23,558910094024406.1,36631612886683.51
252354497822527.25,7511.938092743236,26.285116317085556,6.021991915005418e+23,2.55765166756893e+16,640570399415640.6
217876156334436.53,280.4250235866221,298.3073001752531,6.0218979183087944e+23,1.0102972474151351e+18,2.4143278067719536e+17
605654924768096.0,9650.662611240687,215.80182417622402,6.0219312154923585e+23,3.726853466427415e+17,6.7874427251777224e+16
13475405235698.785,75453.13579847536,425.0952534862544,6.02187341805203e+23,4869568963209162.0,1532232075540639.0
657720239600792.6,320.49720618181766,15.482383466698659,6.0219934425651535e+23,1.9207888773615626e+17,2853416152763279.5
23655228887459.586,0.59861091584271,341.1715001495472,6.021862710825244e+23,2.6158938930021146e+18,6.959965911801156e+17
522299126869794.75,5.87292232251103,223.5821329623879,6.0217682902834847e+23,1.3403568646469476e+19,2.516667093885591e+18
177110849405793.8,1940.0100937898694,448.0699313696743,6.021860476442416e+23,4.127311297617443e+17,1.349583150242765e+17
37094814573305.07,20710.338217599452,271.0664482852635,6.0219190894682165e+23,1.8629310803485016e+16,4115309453466274.5
53378620752744.305,0.2878457420925187,473.74797651394226,6.021697451068933e+23,1.0570281641196827e+19,3.5971571983897733e+18
25263367488442.438,0.04896641529307328,182.2659184595462,6.021874429368446e+23,6.008913573121509e+18,9.442050030337316e+17
293937174759029.1,0.18889201003268102,411.7398540645463,6.020923041715723e+23,6.5751040375648395e+19,2.0205783700834107e+19
669211774030664.9,519153.9058329681,196.88788819068913,6.021940778031625e+23,5.210832095482283e+16,8762956598647254.0
31791091961274.996,5897.652300003511,94.46173853772042,6.0219717534464844e+23,1.2248452903659602e+16,1055073618771175.4
12552019867113.752,0.4297455180676992,181.61042263437648,6.021934032018721e+23,1.0047525290920776e+18,1.573784433717548e+17
710286438876521.8,2549.5082595808376,162.57512021356206,6.021943777371667e+23,6.7241531029704e+17,9.543443806769813e+16
22778234371772.773,0.20937986769476644,261.4959050531796,6.021877557821294e+23,3.5002620901216794e+18,7.504432315236964e+17
21700141478312.496,133.32861744747993,26.723015237719178,6.021991874872347e+23,1.6776449118743972e+16,427049501118989.3
199287234576082.94,881953.8284500409,463.73856414432885,6.0218616519104265e+23,2.2252149919555868e+16,7458319390523822.0
246995850152454.34,0.08228869828082265,327.2097324709787,6.020936976211836e+23,7.1506899837357875e+19,1.8407477314510109e+19
921742413796583.1,11.056517463202324,126.80782546350017,6.021841770627401e+23,1.0682493714994254e+19,1.2099280836585236e+18
171291477239848.72,1.5197767904653734,267.5020221332846,6.021792987873454e+23,9.941221534699581e+18,2.172073425173595e+18
74739336338991.83,127.59146919515693,398.0985109142174,6.0218724949505304e+23,6.292133789631625e+17,1.885387675951015e+17
84580160099902.86,10.847926683491266,470.5578430105884,6.021818539824534e+23,2.717100232969363e+18,9.20224835405239e+17
194341817851427.9,281.8759706300214,224.22511004029118,6.021924372444862e+23,7.215518956638016e+17,1.358129356491804e+17
12383017390956.002,0.042517505223927686,374.041516245494,6.021811687826114e+23,5.476503617529854e+18,1.5650608159754186e+18
12394686628511.459,40586.86763161077,165.1535874803991,6.0219508143244274e+23,2980446493956733.0,429011058141667.75
268811869066226.62,0.27540793682619535,52.82715568712611,6.021891525603129e+23,8.816197620148363e+18,4.3623185032740595e+17
13083446095530.92,0.15683900017106994,12.275358692961554,6.021994956666938e+23,1.3736809902937875e+17,1621318741677501.8
21492588227512.5,2.723562400174987,276.63572869797997,6.021905322429262e+23,9.558538177052744e+17,2.1473628557425062e+17
306279820883888.25,1.7922808674426587,252.696674095956,6.021726636086203e+23,1.5667126878881739e+19,3.2640460805871114e+18
267046264759547.38,19570.31895863449,80.6397392073869,6.0219754733546546e+23,4.884830613888175e+16,3624107148510822.5
15559194480261.93,29.220858449530773,311.83764279000985,6.021904118670868e+23,2.3089600397001718e+17,5.719236218147216e+16
15144745152529.807,63298.7669358738,118.69089959267049,6.0219646522389756e+23,2187729730038803.0,233135221171224.25
176009588530819.4,0.026570717597379712,17.41300665800647,6.021930368330639e+23,6.337392518746929e+18,1.0575251539626008e+17
489802313234783.8,1876.8946566068234,24.592367867230273,6.021991728070168e+23,9.306883871190661e+16,2183208174847766.0
39484384087484.25,2.2066325822084276,274.67387587660016,6.021893229800483e+23,1.9404075542862182e+18,4.3336420714149376e+17
22408940464182.223,0.5764820224294486,103.36372795200364,6.021958781191e+23,9.476071633825939e+17,8.880979574634245e+16
511887317885639.9,10.935812419140067,121.83012932824523,6.021899100909911e+23,5.757619614862004e+18,6.285241901165514e+17
551662317840830.4,3.116119416049764,452.57944156708834,6.0213805274449956e+23,3.227707385500726e+19,1.063101093648363e+19
17330581773840.34,5.957900130626653,448.91325860938326,6.0218554759847524e+23,7.296302738066982e+17,2.389055110084584e+17
260065100156931.7,0.06120249932347328,374.17690086462363,6.020540515107561e+23,9.587689288716888e+19,2.7408059035866202e+19
15066135127250.4,257055.6797267501,498.87684908296734,6.021851481219463e+23,3256870176595791.5,1149277904679576.8
739853455918261.8,137.9064154957217,282.30362318700116,6.021855020531961e+23,4.695261641534918e+18,1.0725860588214822e+18
12070731173059.654,0.07199994104701246,55.913941049699226,6.021974737752569e+23,8.17105464498445e+17,4.270828501011868e+16
12486305985878.223,0.6881819746258844,62.74568740004567,6.0219780891403235e+23,3.048150672922986e+17,1.7800123153298114e+16
385326197221468.9,2003.6668866959797,215.39864325263764,6.021929540202935e+23,5.195856034133524e+17,9.447565649167245e+16
351580275702272.1,4.88448667846682,257.3737668486392,6.021783063799857e+23,1.1049660214405947e+19,2.3377439183563566e+18
13163110632615.344,51133.60097808372,342.40969864660104,6.0218980286371244e+23,4993227094468737.0,1332309103097864.8
15126613887474.244,14.669283830387645,289.99056508169497,6.0219097712754694e+23,3.0031378146966496e+17,7.013152199309205e+16
805867496653307.8,76778.16337141514,256.0072049675082,6.021921258520467e+23,2.0118688218884557e+17,4.2374896845466e+16
45983596129667.26,135532.1792037595,463.19828453718344,6.0218619516979646e+23,1.3088343721039592e+16,4383204880593580.5
740414441517162.6,5.142427988360155,170.84741848610835,6.021757948473906e+23,1.6277049095341412e+19,2.414955502034413e+18
73078477013075.83,7369.482083701104,315.9372083421307,6.0219050533701454e+23,6.893939208335807e+16,1.7256170613045274e+16
725327214067265.0,221.98132319777747,325.6572856315526,6.021848739874353e+23,4.029582411470214e+18,1.0333605077018354e+18
186678432594153.72,130302.14767545904,151.02856435910473,6.021954785117899e+23,2.3209738683911628e+16,3082784877411697.5
348088899650697.6,9509.147411912289,450.95020294076664,6.02186027744298e+23,3.6786439674162714e+17,1.2084589685420696e+17
220144843145272.72,2956.7725827009626,288.2641878327898,6.0219102105082114e+23,3.0648097052534317e+17,7.12229639319412e+16
564935622237903.0,261.6889274873597,224.95294061904897,6.021906124470591e+23,2.1825246550686915e+18,4.1194577700065574e+17
32952649108708.703,7.168707573120246,429.02696399201494,6.02185422031154e+23,1.2289257715463652e+18,3.893162091502816e+17
741552774849199.1,36.12204009690346,40.21737774769417,6.0219710218891905e+23,1.6363048313900534e+18,6.214230753397592e+16
18239428969783.227,0.33017541613676005,414.50781950289877,6.0218315406038784e+23,3.0997700355840686e+18,9.573181449782019e+17
36971853142623.97,0.8889852712212855,341.967444134488,6.021852265089036e+23,3.360489206614144e+18,8.957473444453741e+17
158341881418717.5,0.28432568770075584,386.9914408406573,6.021490934863133e+23,2.770961124002756e+19,8.127275829860783e+18
769000308497045.8,724488.832284882,436.0895656162923,6.0218688671202924e+23,9.115826625695203e+16,2.9225956421773772e+16
25930216549922.832,0.8536795610545361,295.1785165311623,6.021883757631529e+23,2.1623113036937244e+18,5.1231899593877146e+17
18541596610665.918,442617.3851877313,220.3883196338696,6.021934389951928e+23,1713433472214992.8,317761507769146.6
208524028829245.78,0.2758143967675272,159.50037658531323,6.021735455806662e+23,1.867267793737391e+19,2.605171050062817e+18
533778435594865.94,95701.5921044093,362.8358995802535,6.021889872123897e+23,1.5410461710090637e+17,4.3019485291399544e+16
183666647424992.75,0.3381930066893079,187.46071540631573,6.021741273926054e+23,1.7015525198197959e+19,2.74085663774528e+18
29714587517525.336,5.149405317340595,57.54538672660251,6.0219802911147316e+23,2.4440961590286605e+17,1.3133671395425002e+16
24979154248544.625,163211.6190593754,57.71161857858051,6.0219828123472725e+23,1157213478653453.5,62357334370730.46
808515742878082.2,33265.71259455604,170.80742692830674,6.021946571126862e+23,2.2095120694720704e+17,3.2774563392942564e+16
110589296993363.5,14776.706253942746,407.35097349842715,6.021877499992263e+23,8.78353646966561e+16,2.677673642884801e+16
37387066722878.46,0.08091562624576552,269.3671962789271,6.02179848097791e+23,9.453653018243035e+18,2.0775004315254605e+18
61318226703606.84,7.587281025728817,310.43108088204866,6.0218839264986946e+23,1.779881261405405e+18,4.392713534669622e+17
111267978304892.31,170276.88998189036,135.29490820053365,6.021959610222425e+23,1.099976089824156e+16,1322043083352142.2
53066071550266.87,0.030825590999499674,381.9836570862032,6.021490591618252e+23,2.795733207405389e+19,8.119065423359011e+18
142175677816895.56,363.4912050401673,202.49857103337212,6.021934558908289e+23,4.28117575183191e+17,7.378384949794435e+16
11618613633125.4,606614.2563309622,316.34304404298365,6.02190583830448e+23,1209201041092994.2,302985927754751.4
163037793639760.0,0.4748144686244601,232.19041348570877,6.021742589209265e+23,1.5163637233790325e+19,2.940680174261368e+18
438985099707521.44,496.69783758186986,425.74309635914165,6.021844552261896e+23,1.9571113316971113e+18,6.16505961021378e+17
23509390904525.426,409.705565247021,448.23284445144446,6.0218648192632224e+23,1.1924187312064555e+17,3.90009702443535e+16
93157821000176.78,13647.824765567553,483.98145664947657,6.021854642039461e+23,8.582706027091051e+16,2.9651604250772376e+16
171951333555587.16,1789.29226044332,42.00642500266343,6.021986913240721e+23,5.621247744903908e+16,2227185470800334.8
11194748980803.807,0.04374017536220345,73.12842900448129,6.021964818927488e+23,1.250995735385543e+18,8.457511364189083e+16
29695170439037.742,32860.46780256908,229.576343988967,6.021931547696181e+23,1.0404822406447724e+16,1998382292688013.2
26800169526429.78,9.99498147421075,497.1306709683764,6.0218376066435826e+23,9.271583010290121e+17,3.263774479033415e+17
23068670990810.438,112.35370526673843,485.64265911867443,6.021851847706249e+23,2.3472655411887677e+17,8.128900663443558e+16
35301548482854.484,1297.3728819349087,326.1622966443674,6.0219018365129726e+23,8.121390241697147e+16,2.085245096782983e+16
124374942799686.1,3295.3374106829147,257.38982822685955,6.0219214876527804e+23,1.5050230138243437e+17,3.184286464758371e+16
89808022079251.12,714.6567311092269,439.2422184316038,6.021864221426833e+23,3.4051669388232435e+17,1.0974738284553691e+17
56416973687944.875,9.96605511352143,108.45398988566109,6.021961079685823e+23,5.991785236061966e+17,5.872839911995224e+16
26646929523482.047,63.96904620317898,155.80465590005846,6.021951852135522e+23,1.5357642922489597e+17,2.097947349029927e+16
64855069898986.39,27.284283244839795,81.07377831669399,6.0219724213547374e+23,3.193029103713966e+17,2.3810282390422576e+16
42243352950337.61,51049.103685018934,197.65205872322997,6.021941050761198e+23,1.0522938882972128e+16,1775628172860397.0
78991202805156.94,101.60242962798385,444.5817333454856,6.021855748199612e+23,8.004154312924916e+17,2.6024833512027318e+17
575395318959014.6,0.05822992061652261,438.58881730848935,6.018285825659947e+23,2.4138377251997552e+20,7.772084330781783e+19
19046201276636.695,51.1530832984618,21.324203352186778,6.021993459095827e+23,1.906837939467939e+16,388681827266850.44
42482845737560.195,120.88054520767436,10.990251462772049,6.0219965836482215e+23,1.4402521658001708e+16,152319482033729.44
782572755039517.8,3.461550104051457,240.9499766473671,6.0215809061215045e+23,2.775470653739554e+19,5.554665336942079e+18
351304280414851.06,9.890610301612348,184.27509040611994,6.0218746006467384e+23,5.933230698893826e+18,9.413850956064776e+17
72052641533033.58,0.9227238660490493,486.88787316911606,6.021729918137669e+23,8.102358441656438e+18,2.811014488370669e+18
21472970397717.01,0.9510680824376672,475.27725650697806,6.021822684985786e+23,2.343926160003915e+18,7.994787204750487e+17
10291471555962.234,15.83047431963687,296.68400022344747,6.02190907462406e+23,2.0004467534398374e+17,4.759345979115242e+16
161431575466961.38,0.14662049663993038,498.90810053095026,6.021130600784092e+23,4.6205039920529465e+19,1.6305793744122331e+19
158279787703602.5,12.675791381581387,265.9564257753762,6.02188032179418e+23,3.1667472173541125e+18,6.885791808002538e+17
13696970149666.133,0.10085863797377466,235.05319227314544,6.021895297768923e+23,2.7909913542366065e+18,5.4693500740672045e+17
13161632856576.717,32745.27820857667,171.83335966071678,6.021948818375267e+23,3643632740835545.0,543365270370433.94
468396466663562.25,582153.2284916693,138.3214173450716,6.0219585434968437e+23,2.5531490044214116e+16,3131164908042479.0
40325754291982.53,10034.996034596821,403.15648770578116,6.021879462263402e+23,3.860207849731674e+16,1.1677057424588416e+16
184096251777813.28,484.7275500615028,230.4918762576236,6.021924797816026e+23,5.327865248500053e+17,1.0267716509113538e+17
20825321025661.727,4.435151111849495,58.7834121320708,6.0219805130782e+23,1.8832050147442186e+17,1.0329120935742348e+16
499010672462438.94,17.718808713202613,454.7569005019068,6.021679876331889e+23,1.2280990640066677e+19,4.058933543612169e+18
431745098076766.2,0.3477336638083796,268.225011073847,6.021247063811119e+23,5.2489286737085735e+19,1.149440192093687e+19
38596610459969.83,0.6653928424610495,229.909836100865,6.021894288880751e+23,3.008810346294763e+18,5.785992368141204e+17
181891813904499.0,331.32543126134857,487.29989907631864,6.02183828626972e+23,1.0799621520371917e+18,3.749008692967983e+17
136166742899735.22,86583.28960224203,104.14033055877678,6.021968841882618e+23,1.4958537721900444e+16,1411744048395117.8
31195702484719.36,0.14590617012785284,346.83885758721357,6.0217996858098416e+23,7.06892603784213e+18,1.9052760117098145e+18
566692384283584.4,0.20005939075608536,220.28931486313775,6.020977829474062e+23,7.785901190079814e+19,1.4434006203266077e+19
42449593039518.84,111651.25553585286,441.87569020147794,6.0218683032284674e+23,1.2925798456266318e+16,4184111677624389.5
429272910614768.2,2.2361501221670794,375.2573880838358,6.0215190853029155e+23,2.6235602755099804e+19,7.516285018951791e+18
54629584169020.93,104883.27263738622,454.64940462336466,6.021864431291226e+23,1.7472668560666104e+16,5773797412166128.0
62541022050788.85,13.586042163308313,327.8553372821234,6.0218833603327213e+23,1.4112289124121682e+18,3.638416522486711e+17
10868315771381.826,0.11769355074057983,459.73967657228496,6.021813256433883e+23,3.304254415546703e+18,1.1006533409832362e+18
136153976513388.16,0.17218688404539095,256.0685734259563,6.021635798057128e+23,2.2701493323758846e+19,4.782491723856824e+18
12878262274786.273,39.146261818852835,33.90411714797048,6.0219896706594356e+23,2.315182507401759e+16,744245864069256.0
63829385453576.5,0.607368232228638,290.6135622696527,6.021831925866831e+23,6.237690253390588e+18,1.4592328032847252e+18
89162578444031.28,7.4390963888118256,358.97035050207234,6.021852944464294e+23,2.8981605267450097e+18,8.023573081379483e+17
53616426018149.836,0.6582522620353607,403.45704819175523,6.021788538767853e+23,6.340131061859365e+18,1.918955007430491e+18
206216660385669.44,2.5025886956750885,56.72732803538943,6.021957770166497e+23,2.400352856733084e+18,1.2721957197840171e+17
462777628625199.0,0.6391004583960495,341.29877534552196,6.0212212477135764e+23,4.953836743385813e+19,1.318451405516906e+19
60353577812544.37,224657.7768458595,485.3473128158492,6.0218553466003384e+23,1.3728297556413428e+16,4752265542077070.0
331759810585530.6,0.05966974283996546,432.8544012720175,6.019856436570316e+23,1.3636044412348547e+20,4.348308885647286e+19
154807455304005.72,0.190531718085178,65.70039662832987,6.0219005767843866e+23,7.499386523247731e+18,4.5768970763412243e+17
64329531626756.234,0.13806561473871493,181.80190626844612,6.021838006924067e+23,9.092784849829416e+18,1.4255713434476022e+18
17046399099116.494,128361.75985196342,359.92829274750204,6.0218928246736325e+23,4225878305802415.5,1172356655498450.2
105892645693114.23,254.9329192703492,126.08075295896282,6.0219596112252974e+23,2.5428795706362358e+17,2.864944008550806e+16
491346557202096.1,0.07265187970573744,473.03725600568254,6.018904229565816e+23,1.9344151406974206e+20,6.5765077418327925e+19
62851748592671.24,44.3251537518326,63.98742277919615,6.021978886242384e+23,1.9473551127467232e+17,1.1587645711512228e+16
109288450173911.88,0.4157106356231978,404.91007733663474,6.0216442446590824e+23,1.6300394642747527e+19,4.946937164517062e+18
104127834051907.9,31538.225799157677,243.17582111321838,6.0219271405995384e+23,3.897072780897322e+16,7860271237407093.0
917253318102015.5,3.3630443944624138,145.10030438105855,6.0217080502891914e+23,2.1684571040529326e+19,2.7776705657976796e+18
40486776198560.28,10.50622126481417,181.17791947221824,6.021938323035663e+23,6.541497096705996e+17,1.0224623417862661e+17
34156552768144.293,20176.625597843984,159.18803835356536,6.021952493324037e+23,1.1289907553643122e+16,1572362319679303.2
55563412306278.42,0.2709738857267028,78.3563081048206,6.0219480117603804e+23,2.6597903654958085e+18,1.920267568308437e+17
21268468435356.664,0.597043291279631,409.2923538742472,6.0218395762648475e+23,2.665822980151866e+18,8.155719276092744e+17
268729372342700.34,0.1468010479931573,249.4798454351165,6.021326000410096e+23,4.755426680671176e+19,9.801219488984052e+18
174188079895768.38,2193.9418726089993,253.00416951451822,6.021921479292061e+23,2.5491579011522637e+17,5.316245438302144e+16
75482360668928.12,350713.91385605506,463.3746448439483,6.0218618950824345e+23,1.3359001553898404e+16,4475064326795923.5
313481547946816.94,8.750700283012467,301.7665239978246,6.02180057889849e+23,8.299006211846589e+18,2.0018778561171308e+18
396311825750595.94,0.7811534668680552,116.46471367643338,6.021786333286672e+23,1.6023961487130647e+19,1.6779641620524974e+18
36329323465162.47,24.4447466957484,127.61252778128826,6.0219588074307974e+23,2.8474994181736016e+17,3.2439389632830844e+16
16748307160844.527,52347.28854490416,264.0944801720932,6.021921337587542e+23,5186407524741178.0,1121154910974783.9
28495220290309.508,765016.1997116318,180.92906984333985,6.0219461340772404e+23,1704221102715166.8,266052841399238.1
137792479320247.02,34.72615525842295,248.44124845599202,6.021906149718573e+23,1.5803346308247442e+18,3.245680803452079e+17
90340077029799.02,0.6537996295347706,463.4020850648941,6.0216846242364155e+23,1.1710398733841123e+19,3.9229934477674353e+18
149957562479076.03,5294.143419137295,365.34172495776284,6.0218886913975126e+23,1.8494475998020096e+17,5.190416080951197e+16
21179744707700.293,521107.79264757485,368.07269805215594,6.021890422559371e+23,2646356864121268.0,746970912419529.4
96304324889670.31,794068.3829262841,203.88991318616706,6.021939245483455e+23,6239190149476240.0,1081723765362821.6
316394759775739.9,0.37765394538853087,394.69950805444296,6.0211860235013555e+23,4.867872297848368e+19,1.449248958576478e+19
25874235745939.562,8.2618151370272,442.59274032190586,6.0218546258160646e+23,9.168321876413844e+17,2.971309826237205e+17
65257878314684.055,26.157519161957676,80.47085455512388,6.02197253173846e+23,3.258781570264938e+17,2.4129229967013084e+16
57684181653711.516,286.5571426132992,20.159409411102942,6.0219937649259e+23,2.309321616952582e+16,445345221883515.0
749334201775801.6,520.7755832059612,199.8946914980373,6.021918011196307e+23,1.8652564121875927e+18,3.1785918860770643e+17
190997962679657.7,0.02761179088113224,130.18166200480192,6.0214483681936915e+23,4.5329559158263685e+19,5.259436105478882e+18
430846731573675.8,1732.3194537758466,372.3801496702739,6.021875964706808e+23,9.411407896969096e+17,2.6803878361516224e+17
692618374756476.4,5.63800472111696,383.49188711601636,6.021502447335021e+23,2.7053322925960823e+19,7.88015575011428e+18
31499391903195.242,0.02752703450015342,290.00792972907743,6.021724965549839e+23,1.4436853352525306e+19,3.371584970076604e+18
29251404590138.55,8146.554019538914,50.82153795970207,6.021984818659833e+23,5376564910297306.0,256266498483499.88
777208514184162.8,6782.68059591405,121.8870287460931,6.0219597827399066e+23,3.511664715590054e+17,3.8351140926793384e+16
37430715290258.51,9.608284067049036,101.0463297399289,6.021965745360647e+23,3.798402307335576e+17,3.485230887123507e+16
11256007112050.945,1366.922034898433,392.7394662931887,6.0218827088365424e+23,2.8691728546066696e+16,8509781585924554.0
132126339134784.55,10.070305758407136,420.4438471185177,6.0218148700853277e+23,4.1036291927806116e+18,1.2807795072384264e+18
385214676027153.3,292.0580242029423,373.98640622198866,6.0218598042708444e+23,2.0553576531614758e+18,5.873075052986572e+17
97887613716571.45,2603.8080802395834,283.7458404692776,6.021913689750961e+23,1.4351362455067136e+17,3.2921791292748532e+16
12764061925031.367,84500.95912033357,123.8518896137087,6.0219631221448096e+23,1657239635972183.2,183674644847250.6
264149557899504.0,428255.3910128672,465.42005523472636,6.021860844867432e+23,4.242118567012681e+16,1.4255238805186544e+16
13748104250966.354,225.0811206280744,64.63341769527847,6.021980561579763e+23,1.9081939238556228e+16,1146448122473827.8
136997061688294.66,6749.5801082922135,170.69693807826084,6.021948223739275e+23,8.30696107446007e+16,1.2314938724922234e+16
158570659892054.78,0.6024784656860176,98.91418653188245,6.02190129653853e+23,6.303066977024573e+18,5.6691194262294586e+17
370772556398640.9,8272.771423340217,471.43747888161937,6.021853110692132e+23,4.31807761251754e+17,1.4643827790186112e+17
38817019031628.19,611.5147851900203,13.73811404267662,6.021995837507761e+23,7294396008860858.0,96261789103615.2
135967639120828.98,197.82433611005564,358.88730960178765,6.021881301062724e+23,8.56894200973532e+17,2.37188836727516e+17
910424108500055.9,2512.458740469909,91.43559225340553,6.021967095356746e+23,5.216801582223868e+17,4.358220915752165e+16
20447523940175.523,404842.33310971374,14.743854730661315,6.0219956104867094e+23,160114605319289.03,2266193661949.4473
30803657373246.555,88511.64958993372,50.004523048496345,6.021985100519805e+23,1691402572718259.0,79364109945759.5
23332941440500.406,1147.9013601585436,332.449804442651,6.0219002762718486e+23,5.785111121455531e+16,1.5080683959465044e+16
48723533521457.13,893650.8925683456,48.17920822787935,6.021985652982016e+23,812655049328353.0,36782805901325.7
10057459648616.488,33.953662865355376,361.8776485761962,6.0218901622618825e+23,1.538746977423119e+17,4.286746308178879e+16
204328513827447.47,21165.618631281213,277.49395025614507,6.021916080214958e+23,1.033240781512047e+17,2.3271575467883596e+16
10267818152179.682,0.057385688075057235,188.4028779664198,6.021916249651888e+23,2.3189167590450954e+18,3.751810534461846e+17
39965025253141.36,233586.05343106206,458.1016617203902,6.02186353692907e+23,8605670576975466.0,2859229207874274.0
92755144138818.83,771075.9721607051,237.3033753498177,6.021929291083426e+23,6887219621891824.0,1360629754398324.5
55586674151183.86,31749.39898093538,191.2250648923374,6.021942885655721e+23,1.7086567783092356e+16,2800837345292717.0
114290160049682.11,30.581874878212723,63.576483882605146,6.021976575291003e+23,4.237414103119862e+17,2.505923394139363e+16
14856226471504.68,0.03658879797622806,256.409210543174,6.021855429911582e+23,5.379140975785209e+18,1.1344723419110618e+18
68532462487747.04,0.025864166818149,67.16658749250513,6.0218819017566005e+23,9.199099530558145e+18,5.734114207203415e+17
259316958476048.4,0.48916988961180763,101.72218730428803,6.021840449163404e+23,1.1733082736692083e+19,1.0833057631920887e+18
14053582813292.52,332.6609660890288,382.41134851434094,6.021885182355099e+23,7.132874705846499e+16,2.0731962896998244e+16
329014425501371.5,0.06905051868979457,110.7756660660219,6.021491620974473e+23,4.278369013247596e+19,4.2768914830877117e+18
201445076445134.0,39.49751638308144,329.77034252249047,6.021865626811169e+23,2.6770616673768975e+18,6.933972446528915e+17
12273652310479.385,3074.7540283493054,417.24055149730367,6.021875510545401e+23,2.1707883128401256e+16,6736938834043773.0
174192549279874.53,1363.419506779492,186.8594153563066,6.0219413677654144e+23,2.534909051153902e+17,4.071662285157965e+16
135223000277544.7,18.880469845778713,404.25755546520423,6.0218365682345366e+23,2.98957943093446e+18,9.061941699010244e+17
243138978973902.62,28455.12571197318,17.525228047947486,6.0219946977656004e+23,8513252842485988.0,142966162674240.62
27670953058817.445,216.35153519539443,388.2470342411936,6.0218819520872124e+23,1.759326808534986e+17,5.172780394359686e+16
728910089256143.2,996763.7339371239,421.20969502184136,6.02187359178651e+23,7.204297522750671e+16,2.251550517893987e+16
103139179564309.05,3.5157061456897076,348.2650399957365,6.0218306898850656e+23,4.774884471567753e+18,1.2911066895071624e+18
130776758191650.05,27545.809701039896,152.72456794899577,6.021954135603536e+23,3.570471696027576e+16,4790469056778269.0
446022943582944.06,0.05668977322299689,241.8644664428456,6.0203751715115985e+23,1.2396393989172588e+20,2.4890036407958307e+19
18955325267749.145,482411.82391074015,488.31960964380903,6.021854628196663e+23,2953187423702453.0,1026679874533409.4
552630915123004.0,825754.3901585197,421.0535679672681,6.0218738146363035e+23,5.999559952266043e+16,1.8745213926804972e+16
113460383698665.23,0.8557214739870409,377.592168671409,6.021728881416256e+23,1.1257034806461878e+19,3.240381541129719e+18
106890292423568.86,0.2696638584822008,52.614570484400744,6.021947218442252e+23,3.529285509516231e+18,1.7395242178050198e+17
20549823551731.16,930890.3159902846,97.79205996123127,6.021970889220504e+23,650374647557703.4,57874100214226.64
17030477289872.602,49.238091642021594,376.31205353654263,6.0218848769088174e+23,2.2224265414234656e+17,6.380706597709583e+16
461049755557225.25,914.290671249695,270.45227121430423,6.021905376507054e+23,1.1001025272546364e+18,2.425616190169797e+17
329493383397127.3,38608.175989136485,284.1192045384484,6.0219138113064835e+23,1.2557558660520574e+17,2.8837960740824704e+16
992114336901860.9,234672.55731504833,376.51415616718685,6.021885304255245e+23,1.876031642677373e+17,5.3884028924591384e+16
52176152025055.39,9810.68892960187,347.3970630972731,6.021895985434234e+23,4.564689531173082e+16,1.2318602428855476e+16
10370689706609.31,0.2992251447836089,399.605503781548,6.021855107018322e+23,1.807402820656203e+18,5.431160094530741e+17
224952867023124.16,13548.40992545241,386.5372180894612,6.0218824038767704e+23,1.8020356938957514e+17,5.280628632036069e+16
272318405499231.62,83684.83181741802,189.64857035150516,6.0219429473667725e+23,5.120744419321302e+16,8333096192752126.0
38207462362436.195,210171.5961192104,59.998261876830284,6.021982126917056e+23,1618093829751040.0,90513522890763.36
97279108909013.86,0.046679904816472245,176.5839510447917,6.021674922963254e+23,2.3078089599620424e+19,3.526060584963896e+18
14062860174726.754,0.7477915615615927,190.36766240474319,6.021932733596823e+23,8.874051372163319e+17,1.4489063481624064e+17
363100902281847.94,0.1453690692385343,282.1362369890473,6.020995109721e+23,7.093658988068899e+19,1.6197259936976003e+19
125419542165990.84,14.37538284757088,134.13930740837657,6.0219448694604616e+23,1.3393241773969974e+18,1.5971432835441107e+17
305063101430921.2,0.8208510357631561,122.7022728180374,6.021821865841098e+23,1.2603583265541237e+19,1.3849348421733202e+18
79284703302210.06,763261.618741965,228.57577009852457,6.021931903277519e+23,5744226613233771.0,1099141924718884.5
28278294561290.742,107.07676611032943,74.21403256943542,6.021977218152873e+23,6.475025774239968e+16,4439403200490857.0
26238361706034.516,10.044347354756205,382.8502054358836,6.021875197260451e+23,7.669904055248929e+17,2.2312357361378544e+17
490529127319342.7,3.4045327487622132,54.20785227991613,6.021934469417316e+23,4.689133497213866e+18,2.3787382541077504e+17
129299415470530.66,207979.93418776404,442.37631920496295,6.021867916744557e+23,2.8867705148846636e+16,9352242478427516.0
356553393332105.75,164671.01121676387,321.0058927719228,6.0219035000033347e+23,7.197957733029092e+16,1.8248131018937068e+16
112517778325119.36,2464.1979014993562,35.26141316391771,6.021989231961285e+23,2.648127070163999e+16,884579302975786.2
144159451070449.66,1250.6848394723563,193.1600333048261,6.0219398153278795e+23,2.251279553186199e+17,3.723064535441548e+16
12498162714861.398,1.5482678209831986,174.62167628742097,6.0219420192364e+23,5.1004048598117235e+17,7.715802150850874e+16
343792103570524.25,114.08878524889165,18.43374341531804,6.021992480206058e+23,1.997860777281458e+17,3526937561043183.5
85773837572523.94,73281.29803924891,110.70283661433007,6.021966933793873e+23,1.082098332479394e+16,1081049473041689.2
10955911054462.77,1073.4494923813925,205.34586778250508,6.021938652343528e+23,1.941721159007028e+16,3387377978752892.0
15411785985000.299,2375.270797255614,166.90848000163044,6.021950145968304e+23,1.545703624225035e+16,2246041605324405.5
123588478952406.72,939565.1704299562,214.47085570235419,6.0219360783392667e+23,7669109018425607.0,1389276166261338.0
12059148351489.635,82963.49913767405,181.23239891925581,6.0219460380009655e+23,2193156428745767.8,342890292698552.44
49167522653752.66,124659.52532258583,430.5243522780944,6.021871668321235e+23,1.3936106094627622e+16,4426181840092814.0
244337332611961.47,707.7528978025617,453.9849630341636,6.021850599893306e+23,9.504666244350694e+17,3.137487066588978e+17
94478489043211.14,18408.513791719877,222.20399941433402,6.02193334027452e+23,4.309346609796022e+16,8048387264508315.0
295593496161258.7,98948.06206701987,300.77847410117937,6.0219095177281115e+23,7.341458812560293e+16,1.7661914215287128e+16
27363558757846.367,1.6594408985656492,379.8815745237207,6.021859285742953e+23,1.9575885498962243e+18,5.6610693118699834e+17
170825690165276.06,36379.0507267885,102.31188345137049,6.021969237133003e+23,2.8491396115218476e+16,2644826224107587.5
14428937581509.11,855841.814253922,264.5333504305776,6.021921259101414e+23,1106451823042590.9,239514794232566.72
625953143931452.0,3.181864763840423,92.24872922459184,6.021861585534075e+23,1.0160617302999613e+19,8.559425271969943e+17
97707124688781.83,1773.8755650892756,44.832828448892336,6.0219863008902776e+23,3.4146006118188356e+16,1441292767805799.2
56269415509621.414,851222.1969462242,371.121950354949,6.021889474526148e+23,5532149512218229.0,1571474102262465.2
111288527746341.19,207.4022132807173,156.4376771267874,6.021949299296311e+23,3.574487979459671e+17,4.900826633597647e+16
395678826337507.44,790.3049507259129,466.3430667343215,6.0218387156276044e+23,1.4810117346676296e+18,4.983843239739256e+17
710079383222146.6,0.050115003599019346,442.96289187753365,6.017054012761535e+23,3.2308344594034196e+20,1.0478450910555198e+20
15999661363570.76,0.05175088508254174,276.32847306394433,6.021851146367084e+23,5.157703762300681e+18,1.1576371880056515e+18
181500425818439.3,61412.291084109806,132.6357408305219,6.021960193674941e+23,2.9362356452033184e+16,3465541733894096.5
855274920653655.1,11.4683027388113,144.42991199058983,6.021831985279496e+23,1.090552307838734e+19,1.3910724585764902e+18
12607176221141.121,0.852471566391651,411.0644042963105,6.02185842574357e+23,1.3261871822404465e+18,4.070379188138781e+17
19786858485498.54,0.02981247715186566,410.07303134531935,6.0217168816414255e+23,1.1112527221663644e+19,3.404574137053801e+18
922588076819864.1,0.06447191299908817,230.92400013576662,6.0190558890604425e+23,2.3180009455676742e+20,4.474704783848989e+19
10474871888362.32,3710.156635258352,258.8933479981697,6.021922799123295e+23,1.1999470157569972e+16,2551222127807936.0
934575159395549.0,21.88254672245149,29.744333447197327,6.021970778302036e+23,1.979349096253976e+18,5.597216564489758e+16
688735529864263.2,0.027126759663193226,349.03982508598676,6.016895158069742e+23,3.633929454059325e+20,9.844472657538272e+19
245204085540985.12,55578.141253822396,248.46434404119478,6.0219251696254735e+23,7.030071705374609e+16,1.4439438300685014e+16
81696699102326.7,3.108797140196659,36.56228949158623,6.021983311747352e+23,5.6060380862278605e+17,1.940095346139975e+16
126568228301016.89,1.583636288502078,177.0189821490322,6.0218862906570895e+23,5.165902765083722e+18,7.910096970642284e+17
20777243049659.43,29.608105126923324,188.60399322756953,6.0219414016295357e+23,2.0676461013817485e+17,3.348416092083804e+16
55033097738894.63,46745.09301680868,71.6734488019251,6.0219786069026716e+23,5838594706875883.0,387234047918941.06
814038751345279.1,26.506179990090867,171.69818576381977,6.021855845647752e+23,7.915513699159176e+18,1.1795956627063703e+18
51004644640354.21,313174.1027879905,392.4031800057903,6.02188309617346e+23,8584456110171706.0,2544445594880825.5
40797974637310.31,1.4779646402359556,416.78674299959056,6.021828019399072e+23,3.288867887758783e+18,1.0198623632317892e+18
50022392737237.19,0.0990842884149377,148.40688377689773,6.021874993635246e+23,7.025157596009675e+18,9.18442949133505e+17
41860036614147.82,0.029207558912667998,287.59304975841064,6.0216729597351924e+23,1.8509326872945377e+19,4.293200863934778e+18
31914600427383.24,3.0359613259531213,58.39393551008536,6.0219789552760784e+23,3.4663716882420397e+17,1.889134266520412e+16
12635980969254.453,0.05887509131102084,187.50307040243092,6.021910727526265e+23,2.806263069426809e+18,4.5211994179908685e+17
23216560139100.203,5.3091692007279985,283.7742873590663,6.021905746196753e+23,7.538532490308708e+17,1.729469846927709e+17
226298344609958.2,160.58197456422693,374.0147774021901,6.0218657969618756e+23,1.628451419610848e+18,4.6534832124987283e+17
10962234917999.783,1078.5086449478642,131.9563963326422,6.0219605778511705e+23,1.3322073410228538e+16,1564986826107157.2
444647806390159.1,0.039082493991838524,385.96354906833636,6.0189102583931026e+23,2.0945328814890874e+20,6.131356416718277e+19
510282628671906.4,488821.5485449126,327.256629011978,6.0219017878500885e+23,6.062433979601913e+16,1.560740771280177e+16
308120578444195.75,7.850387165541386,130.41395858834395,6.0219120283198106e+23,4.3438341961848494e+18,5.048181449848086e+17
464117029326266.8,28750.727817544586,497.51062128407614,6.021847270871198e+23,2.9950771384697165e+17,1.0548845029101088e+17
622186856891074.2,2.772751618927018,205.2026977459135,6.0216761167497424e+23,2.1683920295055434e+19,3.7805451430923725e+18
380755997275531.94,10.440237973904914,15.207521484596098,6.02198933137194e+23,6.053097790727517e+17,8834073861070070.0
456443407401275.44,178017.45172483925,300.2310677765787,6.021909536146954e+23,8.440415589037922e+16,2.0275776033964464e+16
16589669419297.51,341.3965599283483,466.9699143428381,6.0218595904256395e+23,9.455420413461862e+16,3.184948564006547e+16
665066140990995.9,2.6459231868148962,81.61759200777217,6.0218613254385827e+23,1.0579565076941971e+19,7.939302842741482e+17
469668028194095.9,0.0283820596929057,151.6283250085495,6.020506078695983e+23,1.2552992236051417e+20,1.6733736541514117e+19
167701912320358.0,0.03388111705244982,430.09814144357205,6.020528981184198e+23,9.110758144291329e+19,2.891634854490607e+19
37368047854137.18,726.4746571123727,154.61005614396484,6.0219532522220367e+23,6.3487394453966456e+16,8612832336445530.0
107330665932381.38,254.95868311574932,147.2033704686111,6.021952799548443e+23,2.95074706430116e+17,3.829347235025284e+16
61625632635344.72,0.10258021947327362,351.8396714040097,6.021663245833536e+23,1.6821609212807016e+19,4.58494653376462e+18
969692917694197.2,21814.040370653456,107.50463679910399,6.0219655864523325e+23,2.1839452680550954e+17,2.123145139589168e+16
136686750183113.97,836.1100664849736,445.3576199606818,6.021860243244274e+23,4.833488846097923e+17,1.5735574604728752e+17
10679114191240.285,1.7537037313153812,421.3666408304325,6.0218629519883585e+23,7.959304114097416e+17,2.4881978036930355e+17
17181094123949.283,0.09628912620071611,480.2177425522251,6.021765946882041e+23,5.931241120970177e+18,2.0379010315194168e+18
50839494383012.984,3.1380861452384816,175.02463990094662,6.021930693704346e+23,1.4601278088607636e+18,2.2133851440348077e+17
19190256657500.992,1781.3010892608422,271.19533902171787,6.0219188679379796e+23,3.287352097960205e+16,7264790577710189.0
678360517426072.6,0.1795033343777033,495.15385068658736,6.01913576846481e+23,1.746582701389041e+20,6.131754961713371e+19
41336614534510.66,568.11141500767,141.49454334441015,6.021957049083971e+23,7.356551332299309e+16,9210289919439590.0
140771455615435.84,26477.585200638994,238.03023828519247,6.021928454831807e+23,5.654257434591942e+16,1.1199536913736658e+16
50258918930752.71,16619.081700756393,81.12704554870554,6.0219757475672684e+23,1.003201997804232e+16,748549270991172.4
118360845664861.53,4.735142887919723,261.8239838738133,6.0218732641667e+23,3.828312508301795e+18,8.216357425629108e+17
296941335319306.5,0.39339357432942523,406.0655664887812,6.0212202308649883e+23,4.561140570330258e+19,1.387213985892339e+19
10438451661456.111,247858.10074336702,126.42897134363831,6.0219623647438136e+23,805869647107971.9,91024040344083.66
13653097126659.32,130349.16027114149,219.233685862715,6.0219347262123835e+23,2315163790942718.5,427417626046147.25
12640640794776.479,8007.6196593694885,420.71122931233117,6.021874590520519e+23,1.3928313595732058e+16,4349189051407198.0
128178405980300.2,12315.191427675869,139.88119987276636,6.021957816550319e+23,4.850855397094309e+16,6010144628326949.0
355038009964082.4,290.46585550228406,360.7068884884968,6.021866895191881e+23,1.853006763510463e+18,5.14929341618305e+17
38283245146812.1,0.4287085001529525,79.27502235610986,6.021960518943609e+23,1.4727734220584097e+18,1.0751176013478101e+17
680706388408288.6,8.332900026054995,71.67683764498582,6.021920732202985e+23,5.409176217405782e+18,3.587704179522912e+17
65755555657872.69,0.25635946624104083,71.30178960298844,6.021947039179539e+23,2.9645169729673385e+18,1.9564354248740154e+17
514791543636356.25,56583.88207041039,437.9586175355581,6.021866412582103e+23,2.1895293592087437e+17,7.041734552386479e+16
161341340255711.16,2015.2835392650168,164.7496488031681,6.021948939761894e+23,1.737454805686502e+17,2.4954510573620748e+16
672584086988493.8,0.859485375403769,409.0013700693986,6.020861281552563e+23,7.0223591555828605e+19,2.1473149226411065e+19
34548933182367.84,4.708997234765488,104.06092174394,6.021963351743973e+23,5.1428797372621766e+17,4.85024973889952e+16
12676736216555.293,5105.752747858748,204.46759935113786,6.021939024751433e+23,1.0265746627588684e+16,1784218767794123.2
10494940090441.354,515.532251775725,342.2273976348266,6.0218976089954724e+23,3.9633737423987624e+16,1.0570777228072832e+16
63391559309770.07,2.8062412641605547,259.19168065659505,6.021889243043478e+23,2.6427869516456596e+18,5.624282697840487e+17
25851859484142.11,14493.159586484893,344.7651104014057,6.0218971422113755e+23,1.850892847654621e+16,4965269703713088.0
149013212620709.1,323.2127943684715,228.59933406040656,6.021925472601209e+23,5.24680241251206e+17,1.0040498706088288e+17
26034519004869.066,0.27957245865679625,488.7085456332404,6.021772077476091e+23,5.330588859897645e+18,1.8542252301778524e+18
162108187222627.4,63.33615473939824,485.47181947115325,6.021821625671507e+23,2.1964391697503672e+18,7.604695929127107e+17
71033447660362.89,0.36468876670909717,408.55479503579556,6.0217136904035125e+23,1.137839759454207e+19,3.4763929796927073e+18
25534290196002.25,0.25913281249243897,423.71434250819414,6.021801049198632e+23,4.968625812374391e+18,1.559656943298626e+18
219457615589020.5,388854.42612352525,332.12332003225146,6.0219007575696264e+23,2.954253160298387e+16,7695185127167042.0
95665114651256.77,456.41420881385864,115.57494757625993,6.0219638300775614e+23,1.5893206458557306e+17,1.6524910030196058e+16
297575089063198.25,10929.99130315819,356.75726414034114,6.021890346393583e+23,2.5126210067294416e+17,6.922864119155104e+16
305364278287393.06,626.0151639325076,390.8174084103728,6.0218673412110653e+23,1.1464268393819103e+18,3.387631339766662e+17
240972811999961.75,0.7883148283685822,189.0168318643244,6.021767905757229e+23,1.47228389058814e+19,2.3888696306611835e+18
104112803562964.0,11664.313071424369,152.26976850779332,6.021954180301491e+23,4.356965790506857e+16,5829985781808942.0
16302273041460.404,201.25048630168197,160.5769698623395,6.021951578663173e+23,5.4354893213026344e+16,7629373047114950.0
29205076253949.863,0.39374650204119843,455.5161004847903,6.021791766336571e+23,4.826659978594565e+18,1.5971481027490406e+18
45106910335326.04,96.64213996652276,464.09488458193835,6.021854584076752e+23,4.813718744177911e+17,1.614314592109687e+17
21006052931644.203,6300.168181945191,119.60403748922056,6.0219642964747415e+23,9684039477861986.0,1039310105661339.5
97934744449320.0,167528.70738433406,217.7327389656564,6.021935022742911e+23,1.4568022204041196e+16,2673628924281610.0
526295773418700.5,22666.667435430914,292.63795426633357,6.0219094027033884e+23,2.676152318643411e+17,6.2961119383813624e+16
11275616135145.111,66.422404866574,289.87281349297473,6.021912357450641e+23,1.0516946029792666e+17,2.4551803697874336e+16
30573370612373.03,7935.480738139013,113.07487024929311,6.021966215070382e+23,1.1945659951808008e+16,1217127183300130.0
71154542570607.48,0.3725752989555588,12.857255429504091,6.021991036020533e+23,5.0740691768422e+17,6270318270074406.0
630624517107130.2,1.7543356074043113,387.1497454940828,6.0212529879702354e+23,4.44392570783829e+19,1.3038247625057194e+19
12687041082768.469,153.09945795965007,293.84704313403404,6.021911516605973e+23,7.873686175460037e+16,1.858660852533608e+16
54666890326394.19,0.21752702336237603,147.01791413496116,6.0218971792889504e+23,5.139674097478193e+18,6.662435047538225e+17
209537941799206.84,38232.84042357076,102.13558780894807,6.021969228523533e+23,3.4037165542395492e+16,3154546531560639.0
20628668584197.336,0.07120861182110998,306.24241528744665,6.0218277131698236e+23,6.119780377980296e+18,1.4938962369227546e+18
688713123172981.0,20409.741526386246,395.7726954572957,6.021875676104878e+23,4.56656009556401e+17,1.3623044756421387e+17
166176691545019.75,69299.85385095887,120.32632861970079,6.021963929654498e+23,2.3222805474560716e+16,2506208381717670.0
66522022614147.75,130.56656562736177,89.00127839862546,6.021971736498578e+23,1.631305845544601e+17,1.3286185711362472e+16
16171281647447.65,1031.34223224208,230.22019999154853,6.021931087621223e+23,3.2054875429865404e+16,6171307455921078.0
826499585067717.1,0.12083894982299252,259.5255724157561,6.019808053935224e+23,1.6618099537120068e+20,3.5406235833282933e+19
20805950153456.656,5.572676233947831,13.453984063364592,6.021995589524962e+23,4.012075842363307e+16,518605739942961.9
88720547664667.98,10199.53604076268,182.09565282393402,6.0219452587694546e+23,4.620108231517669e+16,7253753608606301.0
19263542968863.9,35724.73344991834,260.6871167728026,6.021922326828634e+23,7149371953449917.0,1528836342560091.2
76410217465323.25,458057.50902442064,253.97645365328907,6.021924316735515e+23,7761976505966126.0,1623975971630673.2
81610624892823.72,883285.4270395635,258.7407283516869,6.0219229201391e+23,6056314809299514.0,1287005476062897.0
65379944276839.06,17.71283817178147,194.5243085116888,6.021931750095752e+23,8.629361523425732e+17,1.4359184696124651e+17
57250350458157.46,0.0728777848494272,360.33585373073066,6.021630832758224e+23,1.8850025358662844e+19,5.234064548258527e+18
49454344991255.29,0.0441632577553276,90.40278134653066,6.0219001724834934e+23,6.689134370780345e+18,5.5287922484234906e+17
999487418649888.8,1.1525987627365648,484.0546971682474,6.020311471743778e+23,1.0019598101447511e+20,3.4621024083352695e+19
115370064775229.69,1907.6291534292545,388.10759489165434,6.021880983128637e+23,2.4696983358584963e+17,7.259439218257227e+16
39655082022854.77,10.474386818740529,491.81428607081494,6.0218329782662633e+23,1.3315512321270682e+18,4.6523134542288e+17
74569402780919.9,22116.008614266317,199.94829824758136,6.021940150394735e+23,2.848995571446096e+16,4856119747747643.0
256050631745013.88,1.900476069126743,286.2125240704132,6.0217326065596565e+23,1.398535159316856e+19,3.2311028639001677e+18
142107497651947.38,31292.24898950054,483.4598365149687,6.0218547888933764e+23,8.640774244105259e+16,2.982958848791652e+16
800385910261274.0,524780.9311152106,76.54284534681041,6.02197693038589e+23,2.6940679121151756e+16,1902215232186492.0
10180775177769.45,1.031252628202514,50.42627844640573,6.021983259873808e+23,1.6508824656836387e+17,7809493865755614.0
387192902230626.06,140518.36321809536,495.4817087832734,6.021850788181847e+23,1.1274836869302528e+17,3.959788042785939e+16
173217142170782.03,1.4623254473374134,312.260297579824,6.0217537538144543e+23,1.1501827120292119e+19,2.852091066119333e+18
246807998431902.53,255.0046985527766,375.8202013219602,6.0218682439685495e+23,1.414001113985124e+18,4.055610867639573e+17
61473233521310.516,0.8455327734045636,181.84391361370163,6.0219042116400824e+23,3.5118531361589074e+18,5.507015436213535e+17
258026950063932.75,851030.2715924913,298.34497819742944,6.021910924734874e+23,2.172108112335149e+16,5191261530247781.0
41183531639835.195,2492.0059611602214,189.4160592706735,6.0219430928657724e+23,4.4831951317255656e+16,7287731989429516.0
13577802100664.709,427006.3382799641,320.3033417974206,6.02190465306909e+23,1699493034714563.5,430098751187497.25
823461935742326.0,1.3148077270249778,97.99110603217133,6.0217296236730384e+23,2.1968991764939784e+19,1.9586701001515712e+18
206153445376334.0,325173.5235579672,364.1475497845307,6.0218911764621843e+23,3.236880233880035e+16,9061250925572402.0
644612616084252.6,655.5706841981574,338.39431854079163,6.0218700896492795e+23,2.1416400156658068e+18,5.661583341054964e+17
549634639137996.56,816.6172570176387,491.962346917526,6.021821155966977e+23,2.090575320392081e+18,7.30581011537759e+17
115150023486881.33,0.5038934761297403,422.0839569122853,6.0216396985880105e+23,1.6028060188317927e+19,5.016946991317803e+18
156281093629860.28,6719.040509387262,106.28348925392538,6.021967674662946e+23,6.277161884573808e+16,6037817448703434.0
25647080148503.688,953000.1076305162,268.07857641881645,6.021920194028446e+23,1882797453611555.5,412110695312370.6
244193763061359.78,0.6917714578754915,67.21696811172501,6.021912349808636e+23,6.342456348303174e+18,3.956304311428682e+17
965260424940916.5,1038.131559076722,452.90920513011275,6.0218187036650304e+23,3.0957211877637734e+18,1.0201518465758664e+18
52537484391814.48,0.12009289761869031,332.44179049663296,6.021728310233202e+23,1.273476084341099e+19,3.319662903271591e+18
187512537183442.2,620.3822704495434,297.7607996795369,6.021903700846247e+23,5.837949544414228e+17,1.3930289431250749e+17
169562694960866.44,12.365641799416451,48.96941874497029,6.021977332402647e+23,7.721665596811561e+17,3.550534424353009e+16
26543910684234.688,21.91876559133452,114.18175419663034,6.021963799643954e+23,1.9906367998786954e+17,2.0466348921986464e+16
65365834358066.7,299.6873753108266,305.5899290409389,6.021905099502345e+23,2.9845021409273395e+17,7.272892230813618e+16
381637219218978.2,40.24733486699426,178.18280277967662,6.0219102301563976e+23,3.1068226337127393e+18,4.784932056744912e+17
661976124628006.1,1968.8360189554514,255.23833365746552,6.0219109870691343e+23,1.029633704121975e+18,2.1631990187409072e+17
112019179814169.92,0.20948774214666296,324.05585494573876,6.0216317090501234e+23,2.0186060764643795e+19,5.156332169727224e+18
76726240114541.62,11.31544368938722,234.2787001262719,6.0219119604089554e+23,1.4722016875104842e+18,2.8768943838902243e+17
26771001727093.055,707244.9505722021,379.95808672057524,6.0218868809940636e+23,2934064915739915.5,848619910998892.2
65132703478178.08,3382.388541704908,83.75654106319874,6.021974751898558e+23,2.967849346821953e+16,2282405831402721.5
961251908657211.1,1885.5799378619538,499.78200610921897,6.021813340196654e+23,2.428802138170253e+18,8.581513375613358e+17
235748659699970.75,311.20793556156826,307.89908999235985,6.021894263555766e+23,1.0621160328724582e+18,2.604036634219444e+17
838891225023091.8,0.2881508922609284,352.8457411765501,6.020005181453207e+23,1.3687732460627508e+20,3.739265268399463e+19
28213312679073.71,416.7878151046874,486.7275717824613,6.021852842062125e+23,1.4924958158905843e+17,5.176817850786333e+16
969198789460273.8,196676.01924743305,261.2724260685981,6.021920286494823e+23,1.5356832102852995e+17,3.2900941760210544e+16
22785385028920.105,0.05150957080971009,121.01085174075722,6.021922342925388e+23,3.712003170129853e+18,4.027027343012194e+17
647152985707949.9,0.7844186789915342,17.2650513851625,6.021951619143132e+23,4.2527095521142067e+18,7.036897345736939e+16
110640295755594.84,675124.0775805769,461.15612721371184,6.021862544910414e+23,1.4071437475856702e+16,4697559692174569.0
16020962740493.457,809.8670696542138,396.2323713989848,6.021881314583257e+23,5.336870909507437e+16,1.5934990596498582e+16
779342606364142.8,80.751371987703,238.7981593757698,6.0218579433214816e+23,5.682655377217482e+18,1.1286635181988188e+18
147143003963780.88,344.7348774018655,488.8125816197946,6.0218412488927935e+23,8.580807840445056e+17,2.9852406648453203e+17
189999147319623.2,167.52594332356836,196.11896265515054,6.021931765467223e+23,8.209289551235052e+17,1.3758215996073064e+17
34724093117571.453,34.52249761027487,238.22837571109704,6.021924275787714e+23,3.865130516994477e+17,7.66117897915334e+16
692189645464625.6,22356.99038903657,333.79003032877887,6.021895365592676e+23,3.8999244434874906e+17,1.019878869568647e+17
13142661001809.492,526888.6687826006,323.796166058916,6.021903616310045e+23,1492529648944814.5,381005612706395.3
19973956642949.414,148447.30006194647,81.60183468093163,6.021975700180381e+23,1341208755297955.5,100630605881367.05
789929367928770.4,8462.638978452364,377.0878180727492,6.021876677683983e+23,7.87396466365124e+17,2.2642250779083434e+17
225774320742118.3,0.09366312478243059,484.0604477561236,6.020632034036132e+23,7.939967473130244e+19,2.7435186643952562e+19
30112080581523.434,0.07089828379238372,370.63219874151065,6.0217460278359637e+23,1.0248687373461891e+19,2.908321093404294e+18
39122018843442.07,50110.84660980408,351.7270378093825,6.021895113389344e+23,1.5275859757885226e+16,4162564612242706.5
928762764961355.9,0.16269264337243983,246.02013075409408,6.0199853184138045e+23,1.544126559573566e+20,3.145394561156571e+19
784915991425419.2,125826.30927289433,469.4631439208682,6.021856724827059e+23,2.337920811143542e+17,7.904935108426942e+16
73338155679819.02,1206.900712011234,426.25441522577614,6.021870060190364e+23,2.099145250205823e+17,6.618321687509174e+16
111960334190064.83,0.6721746363734716,161.64036960804413,6.0218762323234174e+23,6.495632794306736e+18,9.171588015251041e+17
883324337717697.4,15.507355434653702,402.20241229027647,6.0215710669006014e+23,2.1475656203554324e+19,6.484867243664281e+18
714619733178023.2,2387.0019598492413,180.43212522664177,6.021937255863956e+23,7.633786500136413e+17,1.1888443795819469e+17
310239120343739.7,809744.4991171552,46.29229401392355,6.021986168346507e+23,5232450389567617.0,227835397837613.44
635293734726490.0,0.36586106427416265,176.00269958092034,6.021314009795592e+23,5.368424132939398e+19,8.178432565921446e+18
366976840267397.8,505.52188054166277,359.59335095998483,6.021872865037261e+23,1.4487399366299133e+18,4.016241794956165e+17
23574569203503.695,1.203291865914542,174.8287167311243,6.021935090841706e+23,1.0923754049062862e+18,1.6542675950834582e+17
263367344439337.06,0.20659081108124117,416.16794616208165,6.021049633543273e+23,5.672767507992318e+19,1.7571993430142542e+19
39224194480666.51,0.4750889750751557,218.7376518448197,6.021892234759485e+23,3.477602141697129e+18,6.407726914754458e+17
235362933811474.28,52533.50346895306,194.14310873512838,6.0219415383511685e+23,5.6950423157944184e+16,9460221604639022.0
683583253155955.8,0.051333749774338785,233.62404136842483,6.019514852229586e+23,1.9426549692626698e+20,3.787448328511392e+19
892321859781613.6,947346.33679665,175.2462441190904,6.021947294809165e+23,4.669295659880168e+16,7086071044054688.0
311082327306438.8,230217.8621967534,352.73103995116765,6.0218942414064035e+23,5.6783103146571496e+16,1.550744113985186e+16
105269480952822.31,5112.388435336902,358.44001632365604,6.0218915173970426e+23,1.3039096212766642e+17,3.605736435105621e+16
37841558025219.695,0.06674500853520406,487.66070816251545,6.02161003618631e+23,1.5836748381764035e+19,5.50050006008549e+18
28611829840508.855,3252.7261728022063,251.82865349082059,6.021924621169688e+23,3.4264541611128844e+16,7117921355181682.0
81755907280935.42,2207.918979213944,404.78982008567147,6.021877118335788e+23,1.6729060078179917e+17,5.075867495365086e+16
13069157714802.592,499.00275708302496,31.684277600600346,6.021990506968604e+23,6162899441495607.0,185408685310954.1
260692539439807.0,0.8648909932885117,418.0767660677519,6.0214738857274255e+23,2.752611245999098e+19,8.555388743713744e+18
21647550244573.2,229.68856988937108,199.52554589748613,6.021939642980054e+23,8.101600244106709e+16,1.3783702458713832e+16
98497655977658.39,54089.48457466757,242.73224434384127,6.021927408973664e+23,2.810858470832355e+16,5660657949961153.0
448244695370859.6,0.02727681235668088,24.907304479308614,6.0217608748973766e+23,2.2620815438251848e+19,5.373285436970283e+17
92165766666168.12,0.14805154629089895,388.47045701616804,6.021565445045529e+23,2.2408883854518575e+19,6.591606340036786e+18
185213738013260.84,4660.512480282805,349.5440176452075,6.021892723161173e+23,2.361120823628306e+17,6.4026792215731736e+16
429034400195594.5,54421.23126861368,89.04160360039896,6.0219729392326417e+23,5.155539974509494e+16,4200727867769953.5
255348937769722.78,0.6150148436004883,451.60328715008205,6.021361596981095e+23,3.358398679882362e+19,1.1044254247488897e+19
167738211806350.12,45.57465565739164,195.42725821081774,6.021925195305928e+23,1.3854898248634125e+18,2.3148160735605446e+17
944377369351401.9,639700.4013735388,112.36167202291412,6.0219661055836746e+23,4.086505275384962e+16,4139315373721202.0
19231151478176.68,723.3677559556634,82.83492026016705,6.021975144680793e+23,1.875652707844826e+16,1427432011648038.0
74518315740252.03,311.0813354751628,423.94483963967565,6.021867692309215e+23,4.186535660939347e+17,1.3146829050627669e+17
673173478052903.2,87503.79849840462,237.82411102597064,6.0219273668880045e+23,1.486337827425357e+17,2.9418629231560064e+16
480545147342918.4,95416.32497777544,196.2231352686387,6.0219405563242614e+23,8.703775830238254e+16,1.4593719744204128e+16
244718123294844.16,171.74119857347705,15.171620102380823,6.0219945136826035e+23,9.569820034156286e+16,1393383445580059.0
10661133387708.633,8.270152280331448,37.839019416993736,6.021988257973281e+23,4.636284719752035e+16,1659150199028282.2
22383052936145.77,170362.77353633114,283.6177599317014,6.0219155409261115e+23,4055597373040351.5,930002405014828.0
18907129676120.85,99.69170914533736,273.2804737855711,6.021916896233571e+23,1.3770689319364962e+17,3.0625847225394044e+16
13778482072022.047,550.3503898139913,333.1181498929757,6.021900191517877e+23,4.940798836358805e+16,1.2900218215130922e+16
265255883454704.62,4.409414919321478,151.67517582989694,6.021889185920743e+23,5.690107779273188e+18,7.587004638769595e+17
82188837059721.44,2725.9377352668953,254.5972243218401,6.0219228565005746e+23,1.0843163514445011e+17,2.2732814798647548e+16
163196459447570.75,3723.8078138570017,161.44765025884533,6.021950472072185e+23,1.2707995238707419e+17,1.7923981663880618e+16
91323460456951.16,609.0244511317613,45.01442034712396,6.021986032367736e+23,5.467898463419896e+16,2317060624195549.0
131081174742060.08,1.3966461495737885,272.2995195699321,6.0218154364167035e+23,8.04391908202119e+18,1.783644093717629e+18
11112518854508.746,2.640625403454412,60.57971344878039,6.021980550980576e+23,1.3398313935139058e+17,7564597654984160.0
746226939735281.4,0.3606902008900806,384.09197864406536,6.02025006239556e+23,1.1534528882685364e+20,3.3639284170940715e+19
350864514864004.75,0.7532540104711636,82.92187398627627,6.021860415178494e+23,1.0614785348558973e+19,8.086246808368143e+17
30126680706410.51,26.12091704034107,244.35638450470333,6.021922340707536e+23,3.932715962800862e+17,7.964723625333685e+16
16846138582808.676,0.2686757940343345,334.8100367814988,6.0218630603199e+23,2.743875489961163e+18,7.192918099406259e+17
26673223648252.863,2.563826674708285,169.13922125795062,6.0219400050600885e+23,8.234523689425221e+17,1.2108168858072387e+17
797094635157089.4,8.179927557285984,129.48047309371077,6.0218377725905794e+23,1.0939238024855613e+19,1.2629592416010173e+18
17574594484374.842,0.42948961186137763,472.5889145012431,6.021815914924071e+23,2.844876927534709e+18,9.664519585768708e+17
185314077005355.28,0.09948613845752877,367.10483516652675,6.0211514897611203e+23,5.28937941116789e+19,1.4900048906431734e+19
237930537524455.47,8420.042946999136,275.4319171300984,6.021915581767627e+23,1.896848195286326e+17,4.246017950273808e+16
283451450303045.1,43444.02655287015,239.18127173175426,6.0219277032008995e+23,8.92198644980567e+16,1.7744541418668234e+16
17511453647178.754,2414.0112359505433,420.63910057305094,6.021874301807498e+23,3.5138686447890596e+16,1.0970847985391068e+16
104260320890840.62,215.59259123290767,86.19172400581907,6.021972250826216e+23,1.931997335961385e+17,1.526598160458014e+16
28107413815403.87,182.10323411824447,405.96604038969673,6.0218762840397205e+23,2.0064817472234976e+17,6.1012289070797704e+16
237451580710453.9,232610.43027253248,471.2930559125847,6.021858945654031e+23,5.214199973567005e+16,1.7678982193362978e+16
195933236739219.1,113.3087130581917,410.6287642133211,6.0218518870607025e+23,1.7864954851882998e+18,5.4788420560077114e+17
112377593613008.42,0.042302497852588675,470.15156215348526,6.0209796280264834e+23,5.777536602840858e+19,1.955576794116937e+19
55317238062488.91,0.31839369059403916,224.42464884168314,6.021857795330172e+23,6.115252798595421e+18,1.151914357434583e+18
29049726570038.387,238143.54374872003,318.7695944841043,6.0219050672866e+23,4852041405289886.0,1223224774264815.2
111593868498633.28,0.045317793733169076,185.40078720977652,6.021611692671488e+23,2.7984310295953654e+19,4.4640364693911286e+18
823357888188569.4,0.03550268503369031,481.9916962792495,6.014641492628503e+23,4.68828528109135e+20,1.6153621909576765e+20
89478377173079.33,822902.5033595008,457.1060726362113,6.0218638085134316e+23,1.0251443434468868e+16,3400717977834093.5
374561765146582.4,283.4311823422488,41.05966051830359,6.021984649005886e+23,3.0099560076984045e+17,1.166403291503789e+16
198954146862837.9,0.03415797033486865,93.46284843763168,6.021627323197625e+23,3.1542804589309993e+19,2.690095345473603e+18
288914716130748.1,49.2176583564193,62.920217056710015,6.021972392457699e+23,8.361755133930593e+17,4.896002288162116e+16
275361496755887.8,1707.5401664683347,457.4034326781678,6.021853426878126e+23,6.928415939790849e+17,2.2994426925353974e+17
37805807296707.56,74.80139939762698,264.415565093924,6.0219173464465666e+23,3.099919026335478e+17,6.707938815359013e+16
11241469661697.963,1967.8603611467688,457.32795999585557,6.0218634997839735e+23,2.6344990162572756e+16,8742488483452038.0
24784335269039.21,1269.3348182042455,82.20477754911595,6.021975339222341e+23,1.8119977767318796e+16,1369052733862841.5
19518698365134.355,0.03242384991200952,463.1062620887904,6.021690110896091e+23,1.1356935161598681e+19,3.802845561238472e+18
674461221957703.6,24999.582472125385,494.2673492413186,6.02184567687664e+23,4.649483937111583e+17,1.6301358339726698e+17
10014716753651.76,45.29266687609916,48.40533003043803,6.021985347293266e+23,2.3567632492803972e+16,1071580460962849.6
307403550401735.8,16630.63740093118,119.71038079833873,6.0219633951943825e+23,8.729422336739438e+16,9376278592501836.0
116304141014932.67,90097.73632395215,351.21556486916023,6.02189500984278e+23,3.3833547218013676e+16,9208938269850642.0
373280188363054.7,1.60602895931599,395.04124493459386,6.021483600663543e+23,2.7866179916499603e+19,8.301588827211962e+18
209597187246140.6,0.09113259540692327,474.7073737636803,6.020729093146773e+23,7.384877528938507e+19,2.5168133974170034e+19
14428233084690.088,48762.019207696016,346.8499268520103,6.0218966978513056e+23,5655635506218101.0,1524387985019031.2
22785639137413.266,748394.282768324,491.4617995267053,6.0218536943885356e+23,2861106052695116.5,999141990469448.4
18024840647630.29,2.336619222832658,144.97946229815096,6.0219509931410884e+23,5.108590837479495e+17,6.538825338750425e+16
79239759773319.55,32671.394322276727,187.03246711034149,6.021944056826754e+23,2.3574394409964944e+16,3789693401319579.0
198849480971869.5,40432.346386526035,65.30880350490953,6.021980342219085e+23,2.0794357506134804e+16,1261836744240876.2
31751370192483.195,14404.24897230922,265.39354051700536,6.0219207765815235e+23,1.8814416832267412e+16,4083803406938730.0
349295589686769.44,0.7069653888101793,156.01248632508492,6.021731415012626e+23,1.917095979029127e+19,2.622031447986077e+18
169575136771964.9,83.68391260633575,62.8140496844668,6.021977314800865e+23,3.7578547060890086e+17,2.1967486276523144e+16
17808704455408.25,229.96250752895338,30.24309704500649,6.021990877673117e+23,1.1824308747396532e+16,339865724931803.25
231701414589820.47,320.0270556502399,450.68024282824376,6.02184586725788e+23,1.3342595960414618e+18,4.381238113407505e+17
10016004000750.623,101730.59247919396,489.77991739262006,6.02185418656843e+23,3404201569889816.0,1185952690858749.8
323613844950039.94,1.2421693827646811,234.52310963413044,6.021696792987393e+23,1.875621729763594e+19,3.6685139122772593e+18
14719534077727.51,3.079709837932162,406.0145180510706,6.0218674949350396e+23,8.080645638861135e+17,2.4573503620598163e+17
252078321719280.8,206.49527170553196,451.0121100027567,6.0218386577853095e+23,1.8079450747362547e+18,5.939812055454298e+17
24314781070876.555,4.8701426435436925,407.573552022025,6.021863311515775e+23,1.0641426090938936e+18,3.2453800087570944e+17
784163393253986.6,128.21072169815756,118.65465311948162,6.021936520628807e+23,2.516255210635232e+18,2.6806905897608064e+17
26684200536506.11,13106.959768828056,306.2003488335344,6.0219086283487975e+23,1.844988313604461e+16,4503280690723557.0
211954721211151.2,2014.019023804285,206.65135930774895,6.021935153714611e+23,2.7566373211440253e+17,4.835581829453283e+16
411920249406403.56,71928.27555905591,117.62738018153382,6.021964373965902e+23,5.5375058875122264e+16,5852148538840919.0
30350079038038.09,8294.642758153359,471.07868867349987,6.0218592666999964e+23,3.528314623393431e+16,1.1959045157394892e+16
12716542225367.01,1101.09632691728,250.1216027944513,6.021925233681764e+23,2.6036702859427324e+16,5377851033792042.0
938814267079164.4,0.034441481405279674,125.26303997330422,6.019791050158998e+23,1.9281229536473963e+20,2.1594995896742703e+19
657470540773251.6,115.37334131228319,73.88620525762838,6.021962508538372e+23,1.4443450125295852e+18,9.861049399765755e+16
22959952732696.855,82850.64923065816,386.943909198368,6.021884737657548e+23,7442962928859426.0,2182805147634322.8
166307634126627.56,1.1816770748193213,139.7244313247898,6.021885144226495e+23,6.418892421091925e+18,7.944820913506743e+17
324844698521154.7,750243.0361306109,113.97795371396433,6.02196593280881e+23,1.3146701741341626e+16,1349416456650741.5
417860490546964.56,492.9242000048182,202.3302270456202,6.021926732180977e+23,1.0797685735662629e+18,1.8595775006623e+17
13917268470021.137,5334.579854455667,328.0287400824244,6.0219021625270366e+23,1.5854331946490466e+16,4089263901030467.5
171962490541168.8,0.033123361287559105,322.3080920468901,6.020860305361993e+23,7.762203070833636e+19,1.9742897919141958e+19
84780709766576.6,13.661110932717277,80.19631161968016,6.021969827471418e+23,5.839865659209513e+17,4.310062225785996e+16
27224092802275.56,138.04896087712152,198.72361987100464,6.0219392802085344e+23,1.3098918307614197e+17,2.220766096335844e+16
17451830906529.383,1898.2025792874608,368.2669393641229,6.021889896133415e+23,3.614249924119031e+16,1.0205870015401658e+16
760700287982794.9,0.3008770586260661,356.2956773381425,6.0202005076072537e+23,1.2229290894028684e+20,3.366232263619327e+19
11869939268143.707,11.324757159027072,87.64964365924014,6.0219728550808575e+23,9.746004761043678e+16,7823887050945414.0
181443576261666.2,529167.5415685428,346.1410606481573,6.021896690553723e+23,2.1559110069335604e+16,5801613577755864.0
21662581228999.652,0.03852906756527194,79.3684605045903,6.021946354945679e+23,2.7828957288146355e+18,2.0337737203517693e+17
45891168484595.93,0.2054478963445317,286.57189377481797,6.021815262058416e+23,7.630761571827842e+18,1.764781675058211e+18
458594527118853.8,950711.1786177699,430.3910499677914,6.0218712196349343e+23,4.705917448550582e+16,1.4942848952608428e+16
201027219713243.66,5.578958745171268,233.0938389046404,6.021862628847033e+23,5.471353156151295e+18,1.064573727156053e+18
214109740558449.12,0.4462793890773321,105.57429311811468,6.0218525963378805e+23,1.0488657646969987e+19,1.0026004561460596e+18
38662392969362.05,0.2184849825878263,282.09477121742515,6.0218360676502564e+23,6.160869829434004e+18,1.4065342585843932e+18
25010209366656.895,11.711305253096342,441.4857750769238,6.021857552204108e+23,7.431688115418062e+17,2.4041114568082224e+17
81826676526324.39,0.1053718036053807,231.47973361590437,6.021731102429661e+23,1.6115909477992364e+19,3.117191661374253e+18
94978293636500.44,101.2063321453014,363.07743725246934,6.0218801965321325e+23,8.435940507324086e+17,2.3561709312848086e+17
23817745082387.285,179061.59537233098,300.7156673517206,6.0219104472253755e+23,4396669077612970.5,1057561453880544.5
20840367154421.684,5671.52816728534,33.978425560933914,6.0219898555226456e+23,3119236604274091.0,100486909926884.22
602699593127164.4,150540.16353945414,345.0802143572655,6.021895464818352e+23,1.3397521345790086e+17,3.596642518331722e+16
152561507974276.97,5383.469872732039,497.34747542986787,6.021848442503156e+23,2.2747526018403526e+17,8.009990409828981e+16
732961504087964.5,0.05480311736179178,345.67750764725895,6.018188424275735e+23,2.7027585979925096e+20,7.266335183842436e+19
133652587347654.97,0.7338530004768078,451.6424999772713,6.021624063807135e+23,1.6093415977321335e+19,5.292687997329944e+18
36736444539615.164,488228.13311117585,211.1787675736689,6.0219371137559714e+23,3123120630434965.5,558240869482279.0
864608447584171.2,253422.69495205826,285.45995445261644,6.02191336486095e+23,1.2907044182499938e+17,2.9755291408015612e+16
40249541801414.36,259.0280606535622,287.1061704391359,6.021912094336918e+23,1.8874947385919296e+17,4.37190337940103e+16
37430991307558.17,6.886468737694124,388.3205102780648,6.021865448032048e+23,1.334104542072617e+18,3.923105083850527e+17
742871244203621.9,0.05979083325596098,321.2134454287025,6.0185603323442734e+23,2.4891947732912475e+20,6.314427101951856e+19
31451490535364.883,11.065518846369821,246.28937760769492,6.0219187207851314e+23,6.346924480399438e+17,1.2939952571696883e+17
183347480912159.0,10625.407155681527,342.3963272899463,6.0218960133870026e+23,1.525689307427095e+17,4.070769151769009e+16
319368602621108.94,69785.25438116654,215.81628474854378,6.021934877324605e+23,7.308522599895062e+16,1.3311240362830422e+16
26982843830405.77,0.14303053282585493,361.3203958808144,6.0218041065512665e+23,6.353751124526966e+18,1.7679642925647834e+18
434388735333812.06,5.613897619034308,124.5498383112209,6.0218846627285795e+23,6.953911088056537e+18,7.747122768920892e+17
124988857221314.9,532.5772206574535,126.14366852160657,6.021960116905097e+23,2.077515322962628e+17,2.3417134291781788e+16
21047556848658.43,3074.311688032077,22.420086074435893,6.021993298431453e+23,2854798887397918.5,61138230522309.58
26893875927734.184,1531.1144189468653,14.357612197446644,6.0219956932341285e+23,3335920884483749.5,45989793194061.734
99563952738615.2,5774.9972289157,138.96143095755994,6.0219580200266866e+23,5.470851675182922e+16,6737702802859041.0
31590290943220.113,2524.9249177845995,44.192798116826644,6.02198675264494e+23,9126947313051956.0,379902782317548.6
38309132097233.62,0.4196059806902706,60.66838296407006,6.021969646031818e+23,1.160301166215468e+18,6.560198007182732e+16
62388042507899.54,57.68490746033231,68.00166875438208,6.0219778474822075e+23,1.7938845565793274e+17,1.1314808058468044e+16
466616254430122.75,4.166898930104695,187.25829685035652,6.021797547603287e+23,1.2304493908217377e+19,1.9801165581606157e+18
12633386048089.502,1.838623584482909,294.0020909887032,6.021903113990012e+23,7.157273302642286e+17,1.6902716609107066e+17
477233548179055.3,0.0347016770565198,479.9258454265757,6.0176442746163075e+23,2.7422543580405124e+20,9.419133027439205e+19
271405055673787.97,0.9189919790814158,298.8569228170209,6.0216210425334995e+23,2.201350864477688e+19,5.268527066182607e+18
29327492790452.668,43558.35217038948,134.35347257611494,6.021959950735536e+23,5697398396897093.0,680405654912184.9
75200458580326.2,1613.2428559735552,53.28470560713658,6.0219838000924495e+23,3.249010824903373e+16,1621075966282672.2
17036865188030.72,47.94018571177955,456.2724471509842,6.0218603628633556e+23,2.554393661794751e+17,8.462597079977067e+16
12276138404925.137,16399.022326561008,187.21527579922633,6.021944221955018e+23,5159243305452467.0,830086405713199.8
282461372081573.0,641.382573316185,289.80242911296875,6.021902673845199e+23,8.476726416224512e+17,1.9784988885090502e+17
35190759749563.46,1.0821866535678308,25.52319386723786,6.021989444548708e+23,2.8875329028083955e+17,7025727854472998.0
916804809489051.8,52943.68423521334,415.50415612943635,6.021870669078938e+23,3.897094296871462e+17,1.2057073416509453e+17
79345287839121.2,9.688985298123482,308.44789512939093,6.021881253440427e+23,2.028592483978554e+18,4.9807401957510266e+17
406703253004166.0,0.35076259682501526,182.97736361665895,6.021514857293181e+23,3.625945124118071e+19,5.717303007848956e+18
33310439497148.008,21.466769435921734,359.62185663563946,6.021884112231547e+23,6.381797712362095e+17,1.769289971456678e+17
747293814986896.2,41437.05383385133,330.8165843235398,6.021897384261147e+23,3.0730300867208986e+17,7.979604431155637e+16
452885525645659.4,24516.5375430286,379.99043796114296,6.0218831454707594e+23,2.6660835912905658e+17,7.711618605858904e+16
27572797638776.77,4.660836040788661,105.60315469368643,6.021963948590986e+23,4.1806802108980326e+17,3.9972770160444824e+16
11535374368017.445,166.590275837772,30.15347409167605,6.02199093371272e+23,8972785213707972.0,257155079560380.3
71702072606307.75,22.937564642388658,422.1616765490097,6.021852698490222e+23,1.479465134697713e+18,4.6314788225498874e+17
103172857096271.7,0.31655372198565274,425.3334117485223,6.021606077556413e+23,1.820852416181156e+19,5.731805068269667e+18
219291632982961.7,12.46612941264328,256.17728612440885,6.021869221611121e+23,4.298647549316564e+18,9.059062618614692e+17
169194544379590.38,0.41775879932745213,388.8490640840348,6.021535379714331e+23,2.450546326019276e+19,7.213652334149729e+18
69040446779068.91,0.03218856096957657,140.13260748384872,6.021773455697429e+23,1.6186342492758827e+19,2.0087580560949686e+18
178024666695050.44,0.7333257489219577,86.07284363415519,6.0219130492626735e+23,5.649150322564733e+18,4.4579564734251635e+17
13426019989233.244,3420.235868311118,12.836715933530556,6.021996169588928e+23,997687421628445.5,12309461781308.398
281539451588371.4,1.7652841383662439,50.96864106581936,6.0219478105352704e+23,3.5250890001545364e+18,1.6848899696893766e+17
620056764971125.9,109.43614303108811,313.82685002757523,6.021842843738158e+23,4.776753340096768e+18,1.1892543754197443e+18
20396109828820.69,202443.85516377247,295.76343237275705,6.0219119330904394e+23,3497780741505044.5,830069587145621.2
228744618303542.56,0.19638101087946727,332.90448730979836,6.021311938805603e+23,4.340050402306598e+19,1.1326127292025496e+19
99089847842451.08,2722.0459443028053,181.85261131872372,6.0219446955439744e+23,9.97736402677946e+16,1.5646371387485848e+16
530710484879958.2,4738.315830434197,374.19947388116793,6.021878747200907e+23,7.032892845899809e+17,2.0104887650244294e+17
342254146317060.9,51.99424549873858,191.04724055883662,6.021912060278065e+23,2.597693956207743e+18,4.254675957705235e+17
145622324445566.22,1301.7110672622227,93.0123351599114,6.021971032004561e+23,1.1775035255541557e+17,9996605955333836.0
